2026-09-20 17:14:19  INFO     ==================================================
2026-09-20 17:14:19  INFO       DankApp Database Update
2026-09-20 17:14:19  INFO     ==================================================
2026-09-20 17:14:19  INFO     Working directory: C:\Users\Administrator\OneDrive\LoveDeep\danktuary-archive-clean
2026-09-20 17:14:19  INFO     [1/6] Scanning files to update band_archive.csv...
2026-09-20 17:14:22  INFO       scanner.py | Let's a-gooooo!
2026-09-20 17:14:22  INFO       scanner.py | Found extra column(s) in band_archive.csv added by another script: ['OneDrive Share URL']. Preserving them.
2026-09-20 17:14:22  INFO       scanner.py | Loaded 6510 existing row(s); 5051 file(s) already catalogued and will be skipped.
2026-09-20 17:14:22  INFO       scanner.py | Added 0 new row(s), removed 0 row(s), flagged 0 row(s) as missing. CSV now has 6510 total row(s).
2026-09-20 17:14:22  WARNING    scanner.py | 2026-09-20 17:14:20.701 Thread 'MainThread': missing ScriptRunContext! This warning can be ignored when running in bare mode.
2026-09-20 17:14:22  WARNING    scanner.py | 2026-09-20 17:14:21.011 No runtime found, using MemoryCacheStorageManager
2026-09-20 17:14:22  WARNING    scanner.py | 2026-09-20 17:14:21.011 No runtime found, using MemoryCacheStorageManager
2026-09-20 17:14:22  WARNING    scanner.py | 2026-09-20 17:14:21.011 No runtime found, using MemoryCacheStorageManager
2026-09-20 17:14:22  WARNING    scanner.py | 2026-09-20 17:14:21.011 No runtime found, using MemoryCacheStorageManager
2026-09-20 17:14:22  INFO     [2/6] Uploading new recordings to the Internet Archive...
2026-09-20 17:14:23  INFO       upload_to_archive.py | Done. band_archive.csv updated with IA URLs.
2026-09-20 17:14:23  INFO     [3/6] Analyzing data...
2026-09-20 17:14:24  INFO       analyze.py | song_stats.csv created!
2026-09-20 17:14:24  INFO     [4/6] Building metadata...
2026-09-20 17:14:25  INFO       build_metadata.py | song_metadata.csv updated!
2026-09-20 17:14:25  INFO     [5/6] Adding share links...
2026-09-20 17:14:37  INFO       generate_share_links.py | Found 5 folders to generate share links for.
2026-09-20 17:14:37  INFO       generate_share_links.py |   Processing: LoveDeep/Audio Recordings/Jam Session Recordings 2021-/2026/2026-08-19 _ Jam Session
2026-09-20 17:14:37  WARNING    generate_share_links.py | Traceback (most recent call last):
2026-09-20 17:14:37  WARNING    generate_share_links.py |   File "C:\Users\Administrator\OneDrive\LoveDeep\danktuary-archive-clean\generate_share_links.py", line 138, in <module>
2026-09-20 17:14:37  WARNING    generate_share_links.py |     print(f"    \u2713 {url}")
2026-09-20 17:14:37  WARNING    generate_share_links.py |   File "C:\Program Files\WindowsApps\PythonSoftwareFoundation.Python.3.12_3.12.2800.0_x64__qbz5n2kfra8p0\Lib\encodings\cp1252.py", line 19, in encode
2026-09-20 17:14:37  WARNING    generate_share_links.py |     return codecs.charmap_encode(input,self.errors,encoding_table)[0]
2026-09-20 17:14:37  WARNING    generate_share_links.py |            ^^^^^^^^^^^^^^^^^^^^^^^^^^^^^^^^^^^^^^^^^^^^^^^^^^^^^^^
2026-09-20 17:14:37  WARNING    generate_share_links.py | UnicodeEncodeError: 'charmap' codec can't encode character '\u2713' in position 4: character maps to <undefined>
2026-09-20 17:14:37  ERROR    Stopping: generate_share_links.py exited with code 1
2026-09-20 17:14:37  INFO     [notify] Update pipeline failed: generate_share_links.py exited with code 1
2026-09-20 17:17:12  INFO     ==================================================
2026-09-20 17:17:12  INFO       DankApp Database Update
2026-09-20 17:17:12  INFO     ==================================================
2026-09-20 17:17:12  INFO     Working directory: C:\Users\Administrator\OneDrive\LoveDeep\danktuary-archive-clean
2026-09-20 17:17:12  INFO     [1/6] Scanning files to update band_archive.csv...
2026-09-20 17:17:14  INFO       scanner.py | Let's a-gooooo!
2026-09-20 17:17:14  INFO       scanner.py | Found extra column(s) in band_archive.csv added by another script: ['OneDrive Share URL']. Preserving them.
2026-09-20 17:17:14  INFO       scanner.py | Loaded 6510 existing row(s); 5051 file(s) already catalogued and will be skipped.
2026-09-20 17:17:14  INFO       scanner.py | Added 0 new row(s), removed 0 row(s), flagged 0 row(s) as missing. CSV now has 6510 total row(s).
2026-09-20 17:17:14  WARNING    scanner.py | 2026-09-20 17:17:13.245 Thread 'MainThread': missing ScriptRunContext! This warning can be ignored when running in bare mode.
2026-09-20 17:17:14  WARNING    scanner.py | 2026-09-20 17:17:13.465 No runtime found, using MemoryCacheStorageManager
2026-09-20 17:17:14  WARNING    scanner.py | 2026-09-20 17:17:13.465 No runtime found, using MemoryCacheStorageManager
2026-09-20 17:17:14  WARNING    scanner.py | 2026-09-20 17:17:13.465 No runtime found, using MemoryCacheStorageManager
2026-09-20 17:17:14  WARNING    scanner.py | 2026-09-20 17:17:13.465 No runtime found, using MemoryCacheStorageManager
2026-09-20 17:17:14  INFO     [2/6] Uploading new recordings to the Internet Archive...
2026-09-20 17:17:15  INFO       upload_to_archive.py | Done. band_archive.csv updated with IA URLs.
2026-09-20 17:17:15  INFO     [3/6] Analyzing data...
2026-09-20 17:17:16  INFO       analyze.py | song_stats.csv created!
2026-09-20 17:17:16  INFO     [4/6] Building metadata...
2026-09-20 17:17:17  INFO       build_metadata.py | song_metadata.csv updated!
2026-09-20 17:17:17  INFO     [5/6] Adding share links...
2026-09-20 17:17:34  INFO       generate_share_links.py | Found 5 folders to generate share links for.
2026-09-20 17:17:34  INFO       generate_share_links.py |   Processing: LoveDeep/Audio Recordings/Jam Session Recordings 2021-/2026/2026-08-19 _ Jam Session
2026-09-20 17:17:34  INFO       generate_share_links.py |     ✓ https://1drv.ms/f/c/436f797b4dd480a3/IgAFWhjc_wFDSJ_O3ODYOLmvAbMs61SiySsTyp8SNRVWs5A
2026-09-20 17:17:34  INFO       generate_share_links.py |   Processing: LoveDeep/Audio Recordings/Jam Session Recordings 2021-/2026/2026-08-26 _ Jam Session
2026-09-20 17:17:34  INFO       generate_share_links.py |     ✓ https://1drv.ms/f/c/436f797b4dd480a3/IgCpPCqSKaYpQIUapPAV9z_KAbvCv7MAYsG0TA6EnTvtbxs
2026-09-20 17:17:34  INFO       generate_share_links.py |   Processing: LoveDeep/Audio Recordings/Jam Session Recordings 2021-/2026/2026-09-02 _ Jam Session
2026-09-20 17:17:34  INFO       generate_share_links.py |     ✓ https://1drv.ms/f/c/436f797b4dd480a3/IgC2lzsdLN1oRIM-sxHaYX4rATEhYt3XYenDEFQGxV4GcCw
2026-09-20 17:17:34  INFO       generate_share_links.py |   Processing: LoveDeep/Audio Recordings/Jam Session Recordings 2021-/2026/2026-09-08 _ Jam Session
2026-09-20 17:17:34  INFO       generate_share_links.py |     ✓ https://1drv.ms/f/c/436f797b4dd480a3/IgCyEMQne2pZSLFaHNfAHYj-AcjrsCM74WihpkYMcc5P7o0
2026-09-20 17:17:34  INFO       generate_share_links.py |   Processing: LoveDeep/Audio Recordings/Jam Session Recordings 2021-/2026/2026-09-17 _ Jam Session
2026-09-20 17:17:34  INFO       generate_share_links.py |     ✓ https://1drv.ms/f/c/436f797b4dd480a3/IgAaol3zPurJT73iyjgcGWFjAa3ozER7NYKQo_bihtO8xeQ
2026-09-20 17:17:34  INFO       generate_share_links.py | 
2026-09-20 17:17:34  INFO       generate_share_links.py | Done. 5 share links written to band_archive.csv.
2026-09-20 17:17:34  INFO     [6/6] Checking for changes...
2026-09-20 17:17:34  INFO     Changes detected. Committing...
2026-09-20 17:17:35  INFO     Pushing to GitHub...
2026-09-20 17:17:38  INFO     Done! Streamlit Cloud will redeploy automatically in a minute or two.
2026-09-20 17:17:38  INFO     Pipeline finished successfully.
2026-09-24 07:47:28  INFO     ==================================================
2026-09-24 07:47:28  INFO       DankApp Database Update
2026-09-24 07:47:28  INFO     ==================================================
2026-09-24 07:47:28  INFO     Working directory: C:\Users\Administrator\OneDrive\LoveDeep\danktuary-archive-clean
2026-09-24 07:47:28  INFO     [1/6] Scanning files to update band_archive.csv...
2026-09-24 07:47:32  INFO       scanner.py | Let's a-gooooo!
2026-09-24 07:47:32  INFO       scanner.py | Found extra column(s) in band_archive.csv added by another script: ['OneDrive Share URL']. Preserving them.
2026-09-24 07:47:32  INFO       scanner.py | Loaded 6510 existing row(s); 5051 file(s) already catalogued and will be skipped.
2026-09-24 07:47:32  INFO       scanner.py | New folder detected: 'C:\Users\Administrator\OneDrive\LoveDeep\Audio Recordings\Jam Session Recordings 2021-\2026\2026-09-24 _ Jam Session'
2026-09-24 07:47:32  INFO       scanner.py | New file detected: 'C:\Users\Administrator\OneDrive\LoveDeep\Audio Recordings\Jam Session Recordings 2021-\2026\2026-09-24 _ Jam Session\01_ Truckin _ Stuck Inside of Mobile _ Bird Song _ Truckin _ He's Gone _ Stuck Inside of Mobile _ NFA _ GDTRFB _ Feel Like A Stranger.mp3'
2026-09-24 07:47:32  INFO       scanner.py | New file detected: 'C:\Users\Administrator\OneDrive\LoveDeep\Audio Recordings\Jam Session Recordings 2021-\2026\2026-09-24 _ Jam Session\02_ I Second That Emotion _ Dancin _ Wharf Rat.mp3'
2026-09-24 07:47:32  INFO       scanner.py | New file detected: 'C:\Users\Administrator\OneDrive\LoveDeep\Audio Recordings\Jam Session Recordings 2021-\2026\2026-09-24 _ Jam Session\03_ Saint of Circumstance _ Drowned _ Saint of Circumstance _ Brown Eyed Women.mp3'
2026-09-24 07:47:32  INFO       scanner.py | New file detected: 'C:\Users\Administrator\OneDrive\LoveDeep\Audio Recordings\Jam Session Recordings 2021-\2026\2026-09-24 _ Jam Session\04_ Midnight Moonlight.mp3'
2026-09-24 07:47:32  INFO       scanner.py | Added 17 new row(s), removed 0 row(s), flagged 0 row(s) as missing. CSV now has 6527 total row(s).
2026-09-24 07:47:32  WARNING    scanner.py | 2026-09-24 07:47:31.062 Thread 'MainThread': missing ScriptRunContext! This warning can be ignored when running in bare mode.
2026-09-24 07:47:32  WARNING    scanner.py | 2026-09-24 07:47:31.550 No runtime found, using MemoryCacheStorageManager
2026-09-24 07:47:32  WARNING    scanner.py | 2026-09-24 07:47:31.550 No runtime found, using MemoryCacheStorageManager
2026-09-24 07:47:32  WARNING    scanner.py | 2026-09-24 07:47:31.550 No runtime found, using MemoryCacheStorageManager
2026-09-24 07:47:32  WARNING    scanner.py | 2026-09-24 07:47:31.550 No runtime found, using MemoryCacheStorageManager
2026-09-24 07:47:32  INFO     [2/6] Uploading new recordings to the Internet Archive...
2026-09-24 07:48:16  INFO       upload_to_archive.py | 2026-09-24 — Danktuary Studios
2026-09-24 07:48:16  INFO       upload_to_archive.py |   deadweight-2026-09-24-danktuary-studios: 0 file(s) already confirmed, uploading 4 file(s)...
2026-09-24 07:48:16  INFO       upload_to_archive.py | 
2026-09-24 07:48:16  INFO       upload_to_archive.py | STOPPED: hit an upload error on deadweight-2026-09-24-danktuary-studios.
2026-09-24 07:48:16  INFO       upload_to_archive.py |    error uploading 01_ Truckin _ Stuck Inside of Mobile _ Bird Song _ Truckin _ He's Gone _ Stuck Inside of Mobile _ NFA _ GDTRFB _ Feel Like A Stranger.mp3 to deadweight-2026-09-24-danktuary-studios, Please reduce your request rate. - total_tasks_queued exceeds global_limit
2026-09-24 07:48:16  INFO       upload_to_archive.py | 
2026-09-24 07:48:16  INFO       upload_to_archive.py | This is likely IA's rate limiter. Progress so far is saved.
2026-09-24 07:48:16  INFO       upload_to_archive.py | Wait at least an hour (longer if possible) before re-running this script.
2026-09-24 07:48:16  WARNING    upload_to_archive.py | 
2026-09-24 07:48:16  WARNING    upload_to_archive.py |  uploading 01_ Truckin _ Stuck Inside of Mobile _ Bird Song _ Truckin _ He's Gone _ Stuck Inside of Mobile _ NFA _ GDTRFB _ Feel Like A Stranger.mp3:   0%|          | 0/80 [00:00<?, ?MiB/s]
2026-09-24 07:48:16  WARNING    upload_to_archive.py |  uploading 01_ Truckin _ Stuck Inside of Mobile _ Bird Song _ Truckin _ He's Gone _ Stuck Inside of Mobile _ NFA _ GDTRFB _ Feel Like A Stranger.mp3:   1%|▏         | 1/80 [00:00<01:09,  1.14MiB/s]
2026-09-24 07:48:16  WARNING    upload_to_archive.py |  uploading 01_ Truckin _ Stuck Inside of Mobile _ Bird Song _ Truckin _ He's Gone _ Stuck Inside of Mobile _ NFA _ GDTRFB _ Feel Like A Stranger.mp3:   5%|▌         | 4/80 [00:01<00:16,  4.50MiB/s]
2026-09-24 07:48:16  WARNING    upload_to_archive.py |  uploading 01_ Truckin _ Stuck Inside of Mobile _ Bird Song _ Truckin _ He's Gone _ Stuck Inside of Mobile _ NFA _ GDTRFB _ Feel Like A Stranger.mp3:   8%|▊         | 6/80 [00:01<00:15,  4.89MiB/s]
2026-09-24 07:48:16  WARNING    upload_to_archive.py |  uploading 01_ Truckin _ Stuck Inside of Mobile _ Bird Song _ Truckin _ He's Gone _ Stuck Inside of Mobile _ NFA _ GDTRFB _ Feel Like A Stranger.mp3:   9%|▉         | 7/80 [00:01<00:14,  4.88MiB/s]
2026-09-24 07:48:16  WARNING    upload_to_archive.py |  uploading 01_ Truckin _ Stuck Inside of Mobile _ Bird Song _ Truckin _ He's Gone _ Stuck Inside of Mobile _ NFA _ GDTRFB _ Feel Like A Stranger.mp3:  10%|█         | 8/80 [00:01<00:15,  4.53MiB/s]
2026-09-24 07:48:16  WARNING    upload_to_archive.py |  uploading 01_ Truckin _ Stuck Inside of Mobile _ Bird Song _ Truckin _ He's Gone _ Stuck Inside of Mobile _ NFA _ GDTRFB _ Feel Like A Stranger.mp3:  11%|█▏        | 9/80 [00:02<00:17,  3.99MiB/s]
2026-09-24 07:48:16  WARNING    upload_to_archive.py |  uploading 01_ Truckin _ Stuck Inside of Mobile _ Bird Song _ Truckin _ He's Gone _ Stuck Inside of Mobile _ NFA _ GDTRFB _ Feel Like A Stranger.mp3:  12%|█▎        | 10/80 [00:05<01:20,  1.15s/MiB]
2026-09-24 07:48:16  WARNING    upload_to_archive.py |  uploading 01_ Truckin _ Stuck Inside of Mobile _ Bird Song _ Truckin _ He's Gone _ Stuck Inside of Mobile _ NFA _ GDTRFB _ Feel Like A Stranger.mp3:  14%|█▍        | 11/80 [00:06<01:01,  1.11MiB/s]
2026-09-24 07:48:16  WARNING    upload_to_archive.py |  uploading 01_ Truckin _ Stuck Inside of Mobile _ Bird Song _ Truckin _ He's Gone _ Stuck Inside of Mobile _ NFA _ GDTRFB _ Feel Like A Stranger.mp3:  15%|█▌        | 12/80 [00:06<00:48,  1.41MiB/s]
2026-09-24 07:48:16  WARNING    upload_to_archive.py |  uploading 01_ Truckin _ Stuck Inside of Mobile _ Bird Song _ Truckin _ He's Gone _ Stuck Inside of Mobile _ NFA _ GDTRFB _ Feel Like A Stranger.mp3:  16%|█▋        | 13/80 [00:06<00:38,  1.75MiB/s]
2026-09-24 07:48:16  WARNING    upload_to_archive.py |  uploading 01_ Truckin _ Stuck Inside of Mobile _ Bird Song _ Truckin _ He's Gone _ Stuck Inside of Mobile _ NFA _ GDTRFB _ Feel Like A Stranger.mp3:  18%|█▊        | 14/80 [00:06<00:31,  2.11MiB/s]
2026-09-24 07:48:16  WARNING    upload_to_archive.py |  uploading 01_ Truckin _ Stuck Inside of Mobile _ Bird Song _ Truckin _ He's Gone _ Stuck Inside of Mobile _ NFA _ GDTRFB _ Feel Like A Stranger.mp3:  19%|█▉        | 15/80 [00:07<00:27,  2.37MiB/s]
2026-09-24 07:48:16  WARNING    upload_to_archive.py |  uploading 01_ Truckin _ Stuck Inside of Mobile _ Bird Song _ Truckin _ He's Gone _ Stuck Inside of Mobile _ NFA _ GDTRFB _ Feel Like A Stranger.mp3:  20%|██        | 16/80 [00:07<00:25,  2.51MiB/s]
2026-09-24 07:48:16  WARNING    upload_to_archive.py |  uploading 01_ Truckin _ Stuck Inside of Mobile _ Bird Song _ Truckin _ He's Gone _ Stuck Inside of Mobile _ NFA _ GDTRFB _ Feel Like A Stranger.mp3:  21%|██▏       | 17/80 [00:07<00:23,  2.69MiB/s]
2026-09-24 07:48:16  WARNING    upload_to_archive.py |  uploading 01_ Truckin _ Stuck Inside of Mobile _ Bird Song _ Truckin _ He's Gone _ Stuck Inside of Mobile _ NFA _ GDTRFB _ Feel Like A Stranger.mp3:  22%|██▎       | 18/80 [00:08<00:22,  2.81MiB/s]
2026-09-24 07:48:16  WARNING    upload_to_archive.py |  uploading 01_ Truckin _ Stuck Inside of Mobile _ Bird Song _ Truckin _ He's Gone _ Stuck Inside of Mobile _ NFA _ GDTRFB _ Feel Like A Stranger.mp3:  24%|██▍       | 19/80 [00:08<00:20,  2.91MiB/s]
2026-09-24 07:48:16  WARNING    upload_to_archive.py |  uploading 01_ Truckin _ Stuck Inside of Mobile _ Bird Song _ Truckin _ He's Gone _ Stuck Inside of Mobile _ NFA _ GDTRFB _ Feel Like A Stranger.mp3:  25%|██▌       | 20/80 [00:08<00:20,  2.94MiB/s]
2026-09-24 07:48:16  WARNING    upload_to_archive.py |  uploading 01_ Truckin _ Stuck Inside of Mobile _ Bird Song _ Truckin _ He's Gone _ Stuck Inside of Mobile _ NFA _ GDTRFB _ Feel Like A Stranger.mp3:  26%|██▋       | 21/80 [00:08<00:19,  3.04MiB/s]
2026-09-24 07:48:16  WARNING    upload_to_archive.py |  uploading 01_ Truckin _ Stuck Inside of Mobile _ Bird Song _ Truckin _ He's Gone _ Stuck Inside of Mobile _ NFA _ GDTRFB _ Feel Like A Stranger.mp3:  28%|██▊       | 22/80 [00:09<00:18,  3.12MiB/s]
2026-09-24 07:48:16  WARNING    upload_to_archive.py |  uploading 01_ Truckin _ Stuck Inside of Mobile _ Bird Song _ Truckin _ He's Gone _ Stuck Inside of Mobile _ NFA _ GDTRFB _ Feel Like A Stranger.mp3:  29%|██▉       | 23/80 [00:09<00:17,  3.18MiB/s]
2026-09-24 07:48:16  WARNING    upload_to_archive.py |  uploading 01_ Truckin _ Stuck Inside of Mobile _ Bird Song _ Truckin _ He's Gone _ Stuck Inside of Mobile _ NFA _ GDTRFB _ Feel Like A Stranger.mp3:  30%|███       | 24/80 [00:09<00:17,  3.16MiB/s]
2026-09-24 07:48:16  WARNING    upload_to_archive.py |  uploading 01_ Truckin _ Stuck Inside of Mobile _ Bird Song _ Truckin _ He's Gone _ Stuck Inside of Mobile _ NFA _ GDTRFB _ Feel Like A Stranger.mp3:  31%|███▏      | 25/80 [00:10<00:19,  2.86MiB/s]
2026-09-24 07:48:16  WARNING    upload_to_archive.py |  uploading 01_ Truckin _ Stuck Inside of Mobile _ Bird Song _ Truckin _ He's Gone _ Stuck Inside of Mobile _ NFA _ GDTRFB _ Feel Like A Stranger.mp3:  32%|███▎      | 26/80 [00:10<00:19,  2.72MiB/s]
2026-09-24 07:48:16  WARNING    upload_to_archive.py |  uploading 01_ Truckin _ Stuck Inside of Mobile _ Bird Song _ Truckin _ He's Gone _ Stuck Inside of Mobile _ NFA _ GDTRFB _ Feel Like A Stranger.mp3:  34%|███▍      | 27/80 [00:11<00:19,  2.66MiB/s]
2026-09-24 07:48:16  WARNING    upload_to_archive.py |  uploading 01_ Truckin _ Stuck Inside of Mobile _ Bird Song _ Truckin _ He's Gone _ Stuck Inside of Mobile _ NFA _ GDTRFB _ Feel Like A Stranger.mp3:  35%|███▌      | 28/80 [00:11<00:19,  2.61MiB/s]
2026-09-24 07:48:16  WARNING    upload_to_archive.py |  uploading 01_ Truckin _ Stuck Inside of Mobile _ Bird Song _ Truckin _ He's Gone _ Stuck Inside of Mobile _ NFA _ GDTRFB _ Feel Like A Stranger.mp3:  36%|███▋      | 29/80 [00:12<00:21,  2.38MiB/s]
2026-09-24 07:48:16  WARNING    upload_to_archive.py |  uploading 01_ Truckin _ Stuck Inside of Mobile _ Bird Song _ Truckin _ He's Gone _ Stuck Inside of Mobile _ NFA _ GDTRFB _ Feel Like A Stranger.mp3:  38%|███▊      | 30/80 [00:12<00:22,  2.26MiB/s]
2026-09-24 07:48:16  WARNING    upload_to_archive.py |  uploading 01_ Truckin _ Stuck Inside of Mobile _ Bird Song _ Truckin _ He's Gone _ Stuck Inside of Mobile _ NFA _ GDTRFB _ Feel Like A Stranger.mp3:  39%|███▉      | 31/80 [00:13<00:24,  1.98MiB/s]
2026-09-24 07:48:16  WARNING    upload_to_archive.py |  uploading 01_ Truckin _ Stuck Inside of Mobile _ Bird Song _ Truckin _ He's Gone _ Stuck Inside of Mobile _ NFA _ GDTRFB _ Feel Like A Stranger.mp3:  40%|████      | 32/80 [00:13<00:26,  1.81MiB/s]
2026-09-24 07:48:16  WARNING    upload_to_archive.py |  uploading 01_ Truckin _ Stuck Inside of Mobile _ Bird Song _ Truckin _ He's Gone _ Stuck Inside of Mobile _ NFA _ GDTRFB _ Feel Like A Stranger.mp3:  41%|████▏     | 33/80 [00:14<00:26,  1.74MiB/s]
2026-09-24 07:48:16  WARNING    upload_to_archive.py |  uploading 01_ Truckin _ Stuck Inside of Mobile _ Bird Song _ Truckin _ He's Gone _ Stuck Inside of Mobile _ NFA _ GDTRFB _ Feel Like A Stranger.mp3:  42%|████▎     | 34/80 [00:15<00:26,  1.73MiB/s]
2026-09-24 07:48:16  WARNING    upload_to_archive.py |  uploading 01_ Truckin _ Stuck Inside of Mobile _ Bird Song _ Truckin _ He's Gone _ Stuck Inside of Mobile _ NFA _ GDTRFB _ Feel Like A Stranger.mp3:  44%|████▍     | 35/80 [00:15<00:25,  1.74MiB/s]
2026-09-24 07:48:16  WARNING    upload_to_archive.py |  uploading 01_ Truckin _ Stuck Inside of Mobile _ Bird Song _ Truckin _ He's Gone _ Stuck Inside of Mobile _ NFA _ GDTRFB _ Feel Like A Stranger.mp3:  45%|████▌     | 36/80 [00:16<00:24,  1.77MiB/s]
2026-09-24 07:48:16  WARNING    upload_to_archive.py |  uploading 01_ Truckin _ Stuck Inside of Mobile _ Bird Song _ Truckin _ He's Gone _ Stuck Inside of Mobile _ NFA _ GDTRFB _ Feel Like A Stranger.mp3:  46%|████▋     | 37/80 [00:16<00:23,  1.83MiB/s]
2026-09-24 07:48:16  WARNING    upload_to_archive.py |  uploading 01_ Truckin _ Stuck Inside of Mobile _ Bird Song _ Truckin _ He's Gone _ Stuck Inside of Mobile _ NFA _ GDTRFB _ Feel Like A Stranger.mp3:  48%|████▊     | 38/80 [00:17<00:25,  1.65MiB/s]
2026-09-24 07:48:16  WARNING    upload_to_archive.py |  uploading 01_ Truckin _ Stuck Inside of Mobile _ Bird Song _ Truckin _ He's Gone _ Stuck Inside of Mobile _ NFA _ GDTRFB _ Feel Like A Stranger.mp3:  49%|████▉     | 39/80 [00:18<00:25,  1.61MiB/s]
2026-09-24 07:48:16  WARNING    upload_to_archive.py |  uploading 01_ Truckin _ Stuck Inside of Mobile _ Bird Song _ Truckin _ He's Gone _ Stuck Inside of Mobile _ NFA _ GDTRFB _ Feel Like A Stranger.mp3:  50%|█████     | 40/80 [00:18<00:24,  1.61MiB/s]
2026-09-24 07:48:16  WARNING    upload_to_archive.py |  uploading 01_ Truckin _ Stuck Inside of Mobile _ Bird Song _ Truckin _ He's Gone _ Stuck Inside of Mobile _ NFA _ GDTRFB _ Feel Like A Stranger.mp3:  51%|█████▏    | 41/80 [00:19<00:23,  1.63MiB/s]
2026-09-24 07:48:16  WARNING    upload_to_archive.py |  uploading 01_ Truckin _ Stuck Inside of Mobile _ Bird Song _ Truckin _ He's Gone _ Stuck Inside of Mobile _ NFA _ GDTRFB _ Feel Like A Stranger.mp3:  52%|█████▎    | 42/80 [00:19<00:22,  1.68MiB/s]
2026-09-24 07:48:16  WARNING    upload_to_archive.py |  uploading 01_ Truckin _ Stuck Inside of Mobile _ Bird Song _ Truckin _ He's Gone _ Stuck Inside of Mobile _ NFA _ GDTRFB _ Feel Like A Stranger.mp3:  54%|█████▍    | 43/80 [00:20<00:21,  1.73MiB/s]
2026-09-24 07:48:16  WARNING    upload_to_archive.py |  uploading 01_ Truckin _ Stuck Inside of Mobile _ Bird Song _ Truckin _ He's Gone _ Stuck Inside of Mobile _ NFA _ GDTRFB _ Feel Like A Stranger.mp3:  55%|█████▌    | 44/80 [00:20<00:20,  1.77MiB/s]
2026-09-24 07:48:16  WARNING    upload_to_archive.py |  uploading 01_ Truckin _ Stuck Inside of Mobile _ Bird Song _ Truckin _ He's Gone _ Stuck Inside of Mobile _ NFA _ GDTRFB _ Feel Like A Stranger.mp3:  56%|█████▋    | 45/80 [00:21<00:20,  1.69MiB/s]
2026-09-24 07:48:16  WARNING    upload_to_archive.py |  uploading 01_ Truckin _ Stuck Inside of Mobile _ Bird Song _ Truckin _ He's Gone _ Stuck Inside of Mobile _ NFA _ GDTRFB _ Feel Like A Stranger.mp3:  57%|█████▊    | 46/80 [00:22<00:20,  1.67MiB/s]
2026-09-24 07:48:16  WARNING    upload_to_archive.py |  uploading 01_ Truckin _ Stuck Inside of Mobile _ Bird Song _ Truckin _ He's Gone _ Stuck Inside of Mobile _ NFA _ GDTRFB _ Feel Like A Stranger.mp3:  59%|█████▉    | 47/80 [00:22<00:19,  1.72MiB/s]
2026-09-24 07:48:16  WARNING    upload_to_archive.py |  uploading 01_ Truckin _ Stuck Inside of Mobile _ Bird Song _ Truckin _ He's Gone _ Stuck Inside of Mobile _ NFA _ GDTRFB _ Feel Like A Stranger.mp3:  60%|██████    | 48/80 [00:23<00:18,  1.75MiB/s]
2026-09-24 07:48:16  WARNING    upload_to_archive.py |  uploading 01_ Truckin _ Stuck Inside of Mobile _ Bird Song _ Truckin _ He's Gone _ Stuck Inside of Mobile _ NFA _ GDTRFB _ Feel Like A Stranger.mp3:  61%|██████▏   | 49/80 [00:23<00:17,  1.80MiB/s]
2026-09-24 07:48:16  WARNING    upload_to_archive.py |  uploading 01_ Truckin _ Stuck Inside of Mobile _ Bird Song _ Truckin _ He's Gone _ Stuck Inside of Mobile _ NFA _ GDTRFB _ Feel Like A Stranger.mp3:  62%|██████▎   | 50/80 [00:24<00:16,  1.86MiB/s]
2026-09-24 07:48:16  WARNING    upload_to_archive.py |  uploading 01_ Truckin _ Stuck Inside of Mobile _ Bird Song _ Truckin _ He's Gone _ Stuck Inside of Mobile _ NFA _ GDTRFB _ Feel Like A Stranger.mp3:  64%|██████▍   | 51/80 [00:24<00:15,  1.91MiB/s]
2026-09-24 07:48:16  WARNING    upload_to_archive.py |  uploading 01_ Truckin _ Stuck Inside of Mobile _ Bird Song _ Truckin _ He's Gone _ Stuck Inside of Mobile _ NFA _ GDTRFB _ Feel Like A Stranger.mp3:  65%|██████▌   | 52/80 [00:25<00:14,  1.94MiB/s]
2026-09-24 07:48:16  WARNING    upload_to_archive.py |  uploading 01_ Truckin _ Stuck Inside of Mobile _ Bird Song _ Truckin _ He's Gone _ Stuck Inside of Mobile _ NFA _ GDTRFB _ Feel Like A Stranger.mp3:  66%|██████▋   | 53/80 [00:25<00:13,  1.99MiB/s]
2026-09-24 07:48:16  WARNING    upload_to_archive.py |  uploading 01_ Truckin _ Stuck Inside of Mobile _ Bird Song _ Truckin _ He's Gone _ Stuck Inside of Mobile _ NFA _ GDTRFB _ Feel Like A Stranger.mp3:  68%|██████▊   | 54/80 [00:26<00:13,  1.95MiB/s]
2026-09-24 07:48:16  WARNING    upload_to_archive.py |  uploading 01_ Truckin _ Stuck Inside of Mobile _ Bird Song _ Truckin _ He's Gone _ Stuck Inside of Mobile _ NFA _ GDTRFB _ Feel Like A Stranger.mp3:  69%|██████▉   | 55/80 [00:26<00:13,  1.92MiB/s]
2026-09-24 07:48:16  WARNING    upload_to_archive.py |  uploading 01_ Truckin _ Stuck Inside of Mobile _ Bird Song _ Truckin _ He's Gone _ Stuck Inside of Mobile _ NFA _ GDTRFB _ Feel Like A Stranger.mp3:  70%|███████   | 56/80 [00:27<00:12,  1.90MiB/s]
2026-09-24 07:48:16  WARNING    upload_to_archive.py |  uploading 01_ Truckin _ Stuck Inside of Mobile _ Bird Song _ Truckin _ He's Gone _ Stuck Inside of Mobile _ NFA _ GDTRFB _ Feel Like A Stranger.mp3:  71%|███████▏  | 57/80 [00:27<00:11,  1.94MiB/s]
2026-09-24 07:48:16  WARNING    upload_to_archive.py |  uploading 01_ Truckin _ Stuck Inside of Mobile _ Bird Song _ Truckin _ He's Gone _ Stuck Inside of Mobile _ NFA _ GDTRFB _ Feel Like A Stranger.mp3:  72%|███████▎  | 58/80 [00:28<00:10,  2.00MiB/s]
2026-09-24 07:48:16  WARNING    upload_to_archive.py |  uploading 01_ Truckin _ Stuck Inside of Mobile _ Bird Song _ Truckin _ He's Gone _ Stuck Inside of Mobile _ NFA _ GDTRFB _ Feel Like A Stranger.mp3:  74%|███████▍  | 59/80 [00:28<00:10,  2.05MiB/s]
2026-09-24 07:48:16  WARNING    upload_to_archive.py |  uploading 01_ Truckin _ Stuck Inside of Mobile _ Bird Song _ Truckin _ He's Gone _ Stuck Inside of Mobile _ NFA _ GDTRFB _ Feel Like A Stranger.mp3:  75%|███████▌  | 60/80 [00:29<00:09,  2.08MiB/s]
2026-09-24 07:48:16  WARNING    upload_to_archive.py |  uploading 01_ Truckin _ Stuck Inside of Mobile _ Bird Song _ Truckin _ He's Gone _ Stuck Inside of Mobile _ NFA _ GDTRFB _ Feel Like A Stranger.mp3:  76%|███████▋  | 61/80 [00:29<00:08,  2.15MiB/s]
2026-09-24 07:48:16  WARNING    upload_to_archive.py |  uploading 01_ Truckin _ Stuck Inside of Mobile _ Bird Song _ Truckin _ He's Gone _ Stuck Inside of Mobile _ NFA _ GDTRFB _ Feel Like A Stranger.mp3:  78%|███████▊  | 62/80 [00:30<00:08,  2.17MiB/s]
2026-09-24 07:48:16  WARNING    upload_to_archive.py |  uploading 01_ Truckin _ Stuck Inside of Mobile _ Bird Song _ Truckin _ He's Gone _ Stuck Inside of Mobile _ NFA _ GDTRFB _ Feel Like A Stranger.mp3:  79%|███████▉  | 63/80 [00:30<00:07,  2.23MiB/s]
2026-09-24 07:48:16  WARNING    upload_to_archive.py |  uploading 01_ Truckin _ Stuck Inside of Mobile _ Bird Song _ Truckin _ He's Gone _ Stuck Inside of Mobile _ NFA _ GDTRFB _ Feel Like A Stranger.mp3:  80%|████████  | 64/80 [00:30<00:07,  2.24MiB/s]
2026-09-24 07:48:16  WARNING    upload_to_archive.py |  uploading 01_ Truckin _ Stuck Inside of Mobile _ Bird Song _ Truckin _ He's Gone _ Stuck Inside of Mobile _ NFA _ GDTRFB _ Feel Like A Stranger.mp3:  81%|████████▏ | 65/80 [00:31<00:07,  2.04MiB/s]
2026-09-24 07:48:16  WARNING    upload_to_archive.py |  uploading 01_ Truckin _ Stuck Inside of Mobile _ Bird Song _ Truckin _ He's Gone _ Stuck Inside of Mobile _ NFA _ GDTRFB _ Feel Like A Stranger.mp3:  82%|████████▎ | 66/80 [00:32<00:06,  2.00MiB/s]
2026-09-24 07:48:16  WARNING    upload_to_archive.py |  uploading 01_ Truckin _ Stuck Inside of Mobile _ Bird Song _ Truckin _ He's Gone _ Stuck Inside of Mobile _ NFA _ GDTRFB _ Feel Like A Stranger.mp3:  84%|████████▍ | 67/80 [00:32<00:06,  2.05MiB/s]
2026-09-24 07:48:16  WARNING    upload_to_archive.py |  uploading 01_ Truckin _ Stuck Inside of Mobile _ Bird Song _ Truckin _ He's Gone _ Stuck Inside of Mobile _ NFA _ GDTRFB _ Feel Like A Stranger.mp3:  85%|████████▌ | 68/80 [00:33<00:05,  2.08MiB/s]
2026-09-24 07:48:16  WARNING    upload_to_archive.py |  uploading 01_ Truckin _ Stuck Inside of Mobile _ Bird Song _ Truckin _ He's Gone _ Stuck Inside of Mobile _ NFA _ GDTRFB _ Feel Like A Stranger.mp3:  86%|████████▋ | 69/80 [00:33<00:05,  2.14MiB/s]
2026-09-24 07:48:16  WARNING    upload_to_archive.py |  uploading 01_ Truckin _ Stuck Inside of Mobile _ Bird Song _ Truckin _ He's Gone _ Stuck Inside of Mobile _ NFA _ GDTRFB _ Feel Like A Stranger.mp3:  88%|████████▊ | 70/80 [00:33<00:04,  2.10MiB/s]
2026-09-24 07:48:16  WARNING    upload_to_archive.py |  uploading 01_ Truckin _ Stuck Inside of Mobile _ Bird Song _ Truckin _ He's Gone _ Stuck Inside of Mobile _ NFA _ GDTRFB _ Feel Like A Stranger.mp3:  89%|████████▉ | 71/80 [00:34<00:04,  1.98MiB/s]
2026-09-24 07:48:16  WARNING    upload_to_archive.py |  uploading 01_ Truckin _ Stuck Inside of Mobile _ Bird Song _ Truckin _ He's Gone _ Stuck Inside of Mobile _ NFA _ GDTRFB _ Feel Like A Stranger.mp3:  90%|█████████ | 72/80 [00:35<00:04,  1.89MiB/s]
2026-09-24 07:48:16  WARNING    upload_to_archive.py |  uploading 01_ Truckin _ Stuck Inside of Mobile _ Bird Song _ Truckin _ He's Gone _ Stuck Inside of Mobile _ NFA _ GDTRFB _ Feel Like A Stranger.mp3:  91%|█████████▏| 73/80 [00:35<00:03,  1.86MiB/s]
2026-09-24 07:48:16  WARNING    upload_to_archive.py |  uploading 01_ Truckin _ Stuck Inside of Mobile _ Bird Song _ Truckin _ He's Gone _ Stuck Inside of Mobile _ NFA _ GDTRFB _ Feel Like A Stranger.mp3:  92%|█████████▎| 74/80 [00:36<00:03,  1.88MiB/s]
2026-09-24 07:48:16  WARNING    upload_to_archive.py |  uploading 01_ Truckin _ Stuck Inside of Mobile _ Bird Song _ Truckin _ He's Gone _ Stuck Inside of Mobile _ NFA _ GDTRFB _ Feel Like A Stranger.mp3:  94%|█████████▍| 75/80 [00:36<00:02,  1.70MiB/s]
2026-09-24 07:48:16  WARNING    upload_to_archive.py |  uploading 01_ Truckin _ Stuck Inside of Mobile _ Bird Song _ Truckin _ He's Gone _ Stuck Inside of Mobile _ NFA _ GDTRFB _ Feel Like A Stranger.mp3:  95%|█████████▌| 76/80 [00:37<00:02,  1.63MiB/s]
2026-09-24 07:48:16  WARNING    upload_to_archive.py |  uploading 01_ Truckin _ Stuck Inside of Mobile _ Bird Song _ Truckin _ He's Gone _ Stuck Inside of Mobile _ NFA _ GDTRFB _ Feel Like A Stranger.mp3:  96%|█████████▋| 77/80 [00:38<00:01,  1.61MiB/s]
2026-09-24 07:48:16  WARNING    upload_to_archive.py |  uploading 01_ Truckin _ Stuck Inside of Mobile _ Bird Song _ Truckin _ He's Gone _ Stuck Inside of Mobile _ NFA _ GDTRFB _ Feel Like A Stranger.mp3:  98%|█████████▊| 78/80 [00:38<00:01,  1.66MiB/s]
2026-09-24 07:48:16  WARNING    upload_to_archive.py |  uploading 01_ Truckin _ Stuck Inside of Mobile _ Bird Song _ Truckin _ He's Gone _ Stuck Inside of Mobile _ NFA _ GDTRFB _ Feel Like A Stranger.mp3:  99%|█████████▉| 79/80 [00:39<00:00,  1.67MiB/s]
2026-09-24 07:48:16  WARNING    upload_to_archive.py |  uploading 01_ Truckin _ Stuck Inside of Mobile _ Bird Song _ Truckin _ He's Gone _ Stuck Inside of Mobile _ NFA _ GDTRFB _ Feel Like A Stranger.mp3: 100%|██████████| 80/80 [00:39<00:00,  1.78MiB/s]
2026-09-24 07:48:16  WARNING    upload_to_archive.py |  uploading 01_ Truckin _ Stuck Inside of Mobile _ Bird Song _ Truckin _ He's Gone _ Stuck Inside of Mobile _ NFA _ GDTRFB _ Feel Like A Stranger.mp3: 100%|██████████| 80/80 [00:39<00:00,  2.01MiB/s]
2026-09-24 07:48:16  WARNING    upload_to_archive.py |  error uploading 01_ Truckin _ Stuck Inside of Mobile _ Bird Song _ Truckin _ He's Gone _ Stuck Inside of Mobile _ NFA _ GDTRFB _ Feel Like A Stranger.mp3: Please reduce your request rate. - total_tasks_queued exceeds global_limit
2026-09-24 07:48:16  WARNING  upload_to_archive.py failed on attempt 1/3 (upload_to_archive.py exited with code 1). This could be Internet Archive's rate limiter, or something else -- the retry can't tell the difference, so if it's something else it'll just fail fast again next attempt.
2026-09-24 07:48:16  INFO     Waiting 3600 seconds before retrying...
2026-09-24 17:54:56  INFO     ==================================================
2026-09-24 17:54:56  INFO       DankApp Database Update
2026-09-24 17:54:56  INFO     ==================================================
2026-09-24 17:54:56  INFO     Working directory: C:\Users\Administrator\OneDrive\LoveDeep\danktuary-archive-clean
2026-09-24 17:54:56  INFO     [1/6] Scanning files to update band_archive.csv...
2026-09-24 17:54:58  INFO       scanner.py | Let's a-gooooo!
2026-09-24 17:54:58  INFO       scanner.py | Found extra column(s) in band_archive.csv added by another script: ['OneDrive Share URL']. Preserving them.
2026-09-24 17:54:58  INFO       scanner.py | Loaded 6527 existing row(s); 5055 file(s) already catalogued and will be skipped.
2026-09-24 17:54:58  INFO       scanner.py | Added 0 new row(s), removed 0 row(s), flagged 0 row(s) as missing. CSV now has 6527 total row(s).
2026-09-24 17:54:58  WARNING    scanner.py | 2026-09-24 17:54:57.342 Thread 'MainThread': missing ScriptRunContext! This warning can be ignored when running in bare mode.
2026-09-24 17:54:58  WARNING    scanner.py | 2026-09-24 17:54:57.558 No runtime found, using MemoryCacheStorageManager
2026-09-24 17:54:58  WARNING    scanner.py | 2026-09-24 17:54:57.558 No runtime found, using MemoryCacheStorageManager
2026-09-24 17:54:58  WARNING    scanner.py | 2026-09-24 17:54:57.558 No runtime found, using MemoryCacheStorageManager
2026-09-24 17:54:58  WARNING    scanner.py | 2026-09-24 17:54:57.558 No runtime found, using MemoryCacheStorageManager
2026-09-24 17:54:58  INFO     [2/6] Uploading new recordings to the Internet Archive...
2026-09-24 17:58:01  INFO       upload_to_archive.py | 2026-09-24 — Danktuary Studios
2026-09-24 17:58:01  INFO       upload_to_archive.py |   deadweight-2026-09-24-danktuary-studios: 0 file(s) already confirmed, uploading 4 file(s)...
2026-09-24 17:58:01  INFO       upload_to_archive.py | Done. band_archive.csv updated with IA URLs.
2026-09-24 17:58:01  WARNING    upload_to_archive.py | 
2026-09-24 17:58:01  WARNING    upload_to_archive.py |  uploading 01_ Truckin _ Stuck Inside of Mobile _ Bird Song _ Truckin _ He's Gone _ Stuck Inside of Mobile _ NFA _ GDTRFB _ Feel Like A Stranger.mp3:   0%|          | 0/80 [00:00<?, ?MiB/s]
2026-09-24 17:58:01  WARNING    upload_to_archive.py |  uploading 01_ Truckin _ Stuck Inside of Mobile _ Bird Song _ Truckin _ He's Gone _ Stuck Inside of Mobile _ NFA _ GDTRFB _ Feel Like A Stranger.mp3:   1%|▏         | 1/80 [00:00<01:06,  1.19MiB/s]
2026-09-24 17:58:01  WARNING    upload_to_archive.py |  uploading 01_ Truckin _ Stuck Inside of Mobile _ Bird Song _ Truckin _ He's Gone _ Stuck Inside of Mobile _ NFA _ GDTRFB _ Feel Like A Stranger.mp3:   2%|▎         | 2/80 [00:00<00:33,  2.33MiB/s]
2026-09-24 17:58:01  WARNING    upload_to_archive.py |  uploading 01_ Truckin _ Stuck Inside of Mobile _ Bird Song _ Truckin _ He's Gone _ Stuck Inside of Mobile _ NFA _ GDTRFB _ Feel Like A Stranger.mp3:   4%|▍         | 3/80 [00:01<00:27,  2.75MiB/s]
2026-09-24 17:58:01  WARNING    upload_to_archive.py |  uploading 01_ Truckin _ Stuck Inside of Mobile _ Bird Song _ Truckin _ He's Gone _ Stuck Inside of Mobile _ NFA _ GDTRFB _ Feel Like A Stranger.mp3:   5%|▌         | 4/80 [00:01<00:26,  2.82MiB/s]
2026-09-24 17:58:01  WARNING    upload_to_archive.py |  uploading 01_ Truckin _ Stuck Inside of Mobile _ Bird Song _ Truckin _ He's Gone _ Stuck Inside of Mobile _ NFA _ GDTRFB _ Feel Like A Stranger.mp3:   6%|▋         | 5/80 [00:05<02:14,  1.80s/MiB]
2026-09-24 17:58:01  WARNING    upload_to_archive.py |  uploading 01_ Truckin _ Stuck Inside of Mobile _ Bird Song _ Truckin _ He's Gone _ Stuck Inside of Mobile _ NFA _ GDTRFB _ Feel Like A Stranger.mp3:   8%|▊         | 6/80 [00:06<01:34,  1.28s/MiB]
2026-09-24 17:58:01  WARNING    upload_to_archive.py |  uploading 01_ Truckin _ Stuck Inside of Mobile _ Bird Song _ Truckin _ He's Gone _ Stuck Inside of Mobile _ NFA _ GDTRFB _ Feel Like A Stranger.mp3:   9%|▉         | 7/80 [00:06<01:09,  1.05MiB/s]
2026-09-24 17:58:01  WARNING    upload_to_archive.py |  uploading 01_ Truckin _ Stuck Inside of Mobile _ Bird Song _ Truckin _ He's Gone _ Stuck Inside of Mobile _ NFA _ GDTRFB _ Feel Like A Stranger.mp3:  10%|█         | 8/80 [00:06<00:52,  1.36MiB/s]
2026-09-24 17:58:01  WARNING    upload_to_archive.py |  uploading 01_ Truckin _ Stuck Inside of Mobile _ Bird Song _ Truckin _ He's Gone _ Stuck Inside of Mobile _ NFA _ GDTRFB _ Feel Like A Stranger.mp3:  11%|█▏        | 9/80 [00:07<00:42,  1.68MiB/s]
2026-09-24 17:58:01  WARNING    upload_to_archive.py |  uploading 01_ Truckin _ Stuck Inside of Mobile _ Bird Song _ Truckin _ He's Gone _ Stuck Inside of Mobile _ NFA _ GDTRFB _ Feel Like A Stranger.mp3:  12%|█▎        | 10/80 [00:07<00:34,  2.02MiB/s]
2026-09-24 17:58:01  WARNING    upload_to_archive.py |  uploading 01_ Truckin _ Stuck Inside of Mobile _ Bird Song _ Truckin _ He's Gone _ Stuck Inside of Mobile _ NFA _ GDTRFB _ Feel Like A Stranger.mp3:  14%|█▍        | 11/80 [00:07<00:31,  2.18MiB/s]
2026-09-24 17:58:01  WARNING    upload_to_archive.py |  uploading 01_ Truckin _ Stuck Inside of Mobile _ Bird Song _ Truckin _ He's Gone _ Stuck Inside of Mobile _ NFA _ GDTRFB _ Feel Like A Stranger.mp3:  15%|█▌        | 12/80 [00:08<00:28,  2.35MiB/s]
2026-09-24 17:58:01  WARNING    upload_to_archive.py |  uploading 01_ Truckin _ Stuck Inside of Mobile _ Bird Song _ Truckin _ He's Gone _ Stuck Inside of Mobile _ NFA _ GDTRFB _ Feel Like A Stranger.mp3:  16%|█▋        | 13/80 [00:08<00:26,  2.48MiB/s]
2026-09-24 17:58:01  WARNING    upload_to_archive.py |  uploading 01_ Truckin _ Stuck Inside of Mobile _ Bird Song _ Truckin _ He's Gone _ Stuck Inside of Mobile _ NFA _ GDTRFB _ Feel Like A Stranger.mp3:  18%|█▊        | 14/80 [00:08<00:29,  2.21MiB/s]
2026-09-24 17:58:01  WARNING    upload_to_archive.py |  uploading 01_ Truckin _ Stuck Inside of Mobile _ Bird Song _ Truckin _ He's Gone _ Stuck Inside of Mobile _ NFA _ GDTRFB _ Feel Like A Stranger.mp3:  19%|█▉        | 15/80 [00:09<00:33,  1.91MiB/s]
2026-09-24 17:58:01  WARNING    upload_to_archive.py |  uploading 01_ Truckin _ Stuck Inside of Mobile _ Bird Song _ Truckin _ He's Gone _ Stuck Inside of Mobile _ NFA _ GDTRFB _ Feel Like A Stranger.mp3:  20%|██        | 16/80 [00:10<00:35,  1.79MiB/s]
2026-09-24 17:58:01  WARNING    upload_to_archive.py |  uploading 01_ Truckin _ Stuck Inside of Mobile _ Bird Song _ Truckin _ He's Gone _ Stuck Inside of Mobile _ NFA _ GDTRFB _ Feel Like A Stranger.mp3:  21%|██▏       | 17/80 [00:10<00:35,  1.77MiB/s]
2026-09-24 17:58:01  WARNING    upload_to_archive.py |  uploading 01_ Truckin _ Stuck Inside of Mobile _ Bird Song _ Truckin _ He's Gone _ Stuck Inside of Mobile _ NFA _ GDTRFB _ Feel Like A Stranger.mp3:  22%|██▎       | 18/80 [00:11<00:35,  1.76MiB/s]
2026-09-24 17:58:01  WARNING    upload_to_archive.py |  uploading 01_ Truckin _ Stuck Inside of Mobile _ Bird Song _ Truckin _ He's Gone _ Stuck Inside of Mobile _ NFA _ GDTRFB _ Feel Like A Stranger.mp3:  24%|██▍       | 19/80 [00:12<00:34,  1.79MiB/s]
2026-09-24 17:58:01  WARNING    upload_to_archive.py |  uploading 01_ Truckin _ Stuck Inside of Mobile _ Bird Song _ Truckin _ He's Gone _ Stuck Inside of Mobile _ NFA _ GDTRFB _ Feel Like A Stranger.mp3:  25%|██▌       | 20/80 [00:12<00:36,  1.65MiB/s]
2026-09-24 17:58:01  WARNING    upload_to_archive.py |  uploading 01_ Truckin _ Stuck Inside of Mobile _ Bird Song _ Truckin _ He's Gone _ Stuck Inside of Mobile _ NFA _ GDTRFB _ Feel Like A Stranger.mp3:  26%|██▋       | 21/80 [00:13<00:37,  1.57MiB/s]
2026-09-24 17:58:01  WARNING    upload_to_archive.py |  uploading 01_ Truckin _ Stuck Inside of Mobile _ Bird Song _ Truckin _ He's Gone _ Stuck Inside of Mobile _ NFA _ GDTRFB _ Feel Like A Stranger.mp3:  28%|██▊       | 22/80 [00:14<00:38,  1.53MiB/s]
2026-09-24 17:58:01  WARNING    upload_to_archive.py |  uploading 01_ Truckin _ Stuck Inside of Mobile _ Bird Song _ Truckin _ He's Gone _ Stuck Inside of Mobile _ NFA _ GDTRFB _ Feel Like A Stranger.mp3:  29%|██▉       | 23/80 [00:14<00:40,  1.40MiB/s]
2026-09-24 17:58:01  WARNING    upload_to_archive.py |  uploading 01_ Truckin _ Stuck Inside of Mobile _ Bird Song _ Truckin _ He's Gone _ Stuck Inside of Mobile _ NFA _ GDTRFB _ Feel Like A Stranger.mp3:  30%|███       | 24/80 [00:15<00:40,  1.37MiB/s]
2026-09-24 17:58:01  WARNING    upload_to_archive.py |  uploading 01_ Truckin _ Stuck Inside of Mobile _ Bird Song _ Truckin _ He's Gone _ Stuck Inside of Mobile _ NFA _ GDTRFB _ Feel Like A Stranger.mp3:  31%|███▏      | 25/80 [00:16<00:47,  1.15MiB/s]
2026-09-24 17:58:01  WARNING    upload_to_archive.py |  uploading 01_ Truckin _ Stuck Inside of Mobile _ Bird Song _ Truckin _ He's Gone _ Stuck Inside of Mobile _ NFA _ GDTRFB _ Feel Like A Stranger.mp3:  32%|███▎      | 26/80 [00:18<00:59,  1.10s/MiB]
2026-09-24 17:58:01  WARNING    upload_to_archive.py |  uploading 01_ Truckin _ Stuck Inside of Mobile _ Bird Song _ Truckin _ He's Gone _ Stuck Inside of Mobile _ NFA _ GDTRFB _ Feel Like A Stranger.mp3:  34%|███▍      | 27/80 [00:19<00:59,  1.12s/MiB]
2026-09-24 17:58:01  WARNING    upload_to_archive.py |  uploading 01_ Truckin _ Stuck Inside of Mobile _ Bird Song _ Truckin _ He's Gone _ Stuck Inside of Mobile _ NFA _ GDTRFB _ Feel Like A Stranger.mp3:  35%|███▌      | 28/80 [00:20<00:54,  1.06s/MiB]
2026-09-24 17:58:01  WARNING    upload_to_archive.py |  uploading 01_ Truckin _ Stuck Inside of Mobile _ Bird Song _ Truckin _ He's Gone _ Stuck Inside of Mobile _ NFA _ GDTRFB _ Feel Like A Stranger.mp3:  36%|███▋      | 29/80 [00:21<00:49,  1.04MiB/s]
2026-09-24 17:58:01  WARNING    upload_to_archive.py |  uploading 01_ Truckin _ Stuck Inside of Mobile _ Bird Song _ Truckin _ He's Gone _ Stuck Inside of Mobile _ NFA _ GDTRFB _ Feel Like A Stranger.mp3:  38%|███▊      | 30/80 [00:22<00:44,  1.11MiB/s]
2026-09-24 17:58:01  WARNING    upload_to_archive.py |  uploading 01_ Truckin _ Stuck Inside of Mobile _ Bird Song _ Truckin _ He's Gone _ Stuck Inside of Mobile _ NFA _ GDTRFB _ Feel Like A Stranger.mp3:  39%|███▉      | 31/80 [00:23<00:45,  1.09MiB/s]
2026-09-24 17:58:01  WARNING    upload_to_archive.py |  uploading 01_ Truckin _ Stuck Inside of Mobile _ Bird Song _ Truckin _ He's Gone _ Stuck Inside of Mobile _ NFA _ GDTRFB _ Feel Like A Stranger.mp3:  40%|████      | 32/80 [00:24<00:45,  1.06MiB/s]
2026-09-24 17:58:01  WARNING    upload_to_archive.py |  uploading 01_ Truckin _ Stuck Inside of Mobile _ Bird Song _ Truckin _ He's Gone _ Stuck Inside of Mobile _ NFA _ GDTRFB _ Feel Like A Stranger.mp3:  41%|████▏     | 33/80 [00:25<00:43,  1.08MiB/s]
2026-09-24 17:58:01  WARNING    upload_to_archive.py |  uploading 01_ Truckin _ Stuck Inside of Mobile _ Bird Song _ Truckin _ He's Gone _ Stuck Inside of Mobile _ NFA _ GDTRFB _ Feel Like A Stranger.mp3:  42%|████▎     | 34/80 [00:25<00:41,  1.11MiB/s]
2026-09-24 17:58:01  WARNING    upload_to_archive.py |  uploading 01_ Truckin _ Stuck Inside of Mobile _ Bird Song _ Truckin _ He's Gone _ Stuck Inside of Mobile _ NFA _ GDTRFB _ Feel Like A Stranger.mp3:  44%|████▍     | 35/80 [00:26<00:41,  1.09MiB/s]
2026-09-24 17:58:01  WARNING    upload_to_archive.py |  uploading 01_ Truckin _ Stuck Inside of Mobile _ Bird Song _ Truckin _ He's Gone _ Stuck Inside of Mobile _ NFA _ GDTRFB _ Feel Like A Stranger.mp3:  45%|████▌     | 36/80 [00:27<00:38,  1.13MiB/s]
2026-09-24 17:58:01  WARNING    upload_to_archive.py |  uploading 01_ Truckin _ Stuck Inside of Mobile _ Bird Song _ Truckin _ He's Gone _ Stuck Inside of Mobile _ NFA _ GDTRFB _ Feel Like A Stranger.mp3:  46%|████▋     | 37/80 [00:28<00:37,  1.13MiB/s]
2026-09-24 17:58:01  WARNING    upload_to_archive.py |  uploading 01_ Truckin _ Stuck Inside of Mobile _ Bird Song _ Truckin _ He's Gone _ Stuck Inside of Mobile _ NFA _ GDTRFB _ Feel Like A Stranger.mp3:  48%|████▊     | 38/80 [00:29<00:38,  1.08MiB/s]
2026-09-24 17:58:01  WARNING    upload_to_archive.py |  uploading 01_ Truckin _ Stuck Inside of Mobile _ Bird Song _ Truckin _ He's Gone _ Stuck Inside of Mobile _ NFA _ GDTRFB _ Feel Like A Stranger.mp3:  49%|████▉     | 39/80 [00:30<00:37,  1.09MiB/s]
2026-09-24 17:58:01  WARNING    upload_to_archive.py |  uploading 01_ Truckin _ Stuck Inside of Mobile _ Bird Song _ Truckin _ He's Gone _ Stuck Inside of Mobile _ NFA _ GDTRFB _ Feel Like A Stranger.mp3:  50%|█████     | 40/80 [00:31<00:40,  1.00s/MiB]
2026-09-24 17:58:01  WARNING    upload_to_archive.py |  uploading 01_ Truckin _ Stuck Inside of Mobile _ Bird Song _ Truckin _ He's Gone _ Stuck Inside of Mobile _ NFA _ GDTRFB _ Feel Like A Stranger.mp3:  51%|█████▏    | 41/80 [00:32<00:43,  1.10s/MiB]
2026-09-24 17:58:01  WARNING    upload_to_archive.py |  uploading 01_ Truckin _ Stuck Inside of Mobile _ Bird Song _ Truckin _ He's Gone _ Stuck Inside of Mobile _ NFA _ GDTRFB _ Feel Like A Stranger.mp3:  52%|█████▎    | 42/80 [00:34<00:44,  1.17s/MiB]
2026-09-24 17:58:01  WARNING    upload_to_archive.py |  uploading 01_ Truckin _ Stuck Inside of Mobile _ Bird Song _ Truckin _ He's Gone _ Stuck Inside of Mobile _ NFA _ GDTRFB _ Feel Like A Stranger.mp3:  54%|█████▍    | 43/80 [00:35<00:44,  1.19s/MiB]
2026-09-24 17:58:01  WARNING    upload_to_archive.py |  uploading 01_ Truckin _ Stuck Inside of Mobile _ Bird Song _ Truckin _ He's Gone _ Stuck Inside of Mobile _ NFA _ GDTRFB _ Feel Like A Stranger.mp3:  55%|█████▌    | 44/80 [00:36<00:41,  1.15s/MiB]
2026-09-24 17:58:01  WARNING    upload_to_archive.py |  uploading 01_ Truckin _ Stuck Inside of Mobile _ Bird Song _ Truckin _ He's Gone _ Stuck Inside of Mobile _ NFA _ GDTRFB _ Feel Like A Stranger.mp3:  56%|█████▋    | 45/80 [00:37<00:39,  1.13s/MiB]
2026-09-24 17:58:01  WARNING    upload_to_archive.py |  uploading 01_ Truckin _ Stuck Inside of Mobile _ Bird Song _ Truckin _ He's Gone _ Stuck Inside of Mobile _ NFA _ GDTRFB _ Feel Like A Stranger.mp3:  57%|█████▊    | 46/80 [00:38<00:35,  1.06s/MiB]
2026-09-24 17:58:01  WARNING    upload_to_archive.py |  uploading 01_ Truckin _ Stuck Inside of Mobile _ Bird Song _ Truckin _ He's Gone _ Stuck Inside of Mobile _ NFA _ GDTRFB _ Feel Like A Stranger.mp3:  59%|█████▉    | 47/80 [00:39<00:33,  1.00s/MiB]
2026-09-24 17:58:01  WARNING    upload_to_archive.py |  uploading 01_ Truckin _ Stuck Inside of Mobile _ Bird Song _ Truckin _ He's Gone _ Stuck Inside of Mobile _ NFA _ GDTRFB _ Feel Like A Stranger.mp3:  60%|██████    | 48/80 [00:40<00:29,  1.08MiB/s]
2026-09-24 17:58:01  WARNING    upload_to_archive.py |  uploading 01_ Truckin _ Stuck Inside of Mobile _ Bird Song _ Truckin _ He's Gone _ Stuck Inside of Mobile _ NFA _ GDTRFB _ Feel Like A Stranger.mp3:  61%|██████▏   | 49/80 [00:40<00:27,  1.14MiB/s]
2026-09-24 17:58:01  WARNING    upload_to_archive.py |  uploading 01_ Truckin _ Stuck Inside of Mobile _ Bird Song _ Truckin _ He's Gone _ Stuck Inside of Mobile _ NFA _ GDTRFB _ Feel Like A Stranger.mp3:  62%|██████▎   | 50/80 [00:41<00:25,  1.16MiB/s]
2026-09-24 17:58:01  WARNING    upload_to_archive.py |  uploading 01_ Truckin _ Stuck Inside of Mobile _ Bird Song _ Truckin _ He's Gone _ Stuck Inside of Mobile _ NFA _ GDTRFB _ Feel Like A Stranger.mp3:  64%|██████▍   | 51/80 [00:42<00:23,  1.21MiB/s]
2026-09-24 17:58:01  WARNING    upload_to_archive.py |  uploading 01_ Truckin _ Stuck Inside of Mobile _ Bird Song _ Truckin _ He's Gone _ Stuck Inside of Mobile _ NFA _ GDTRFB _ Feel Like A Stranger.mp3:  65%|██████▌   | 52/80 [00:43<00:22,  1.26MiB/s]
2026-09-24 17:58:01  WARNING    upload_to_archive.py |  uploading 01_ Truckin _ Stuck Inside of Mobile _ Bird Song _ Truckin _ He's Gone _ Stuck Inside of Mobile _ NFA _ GDTRFB _ Feel Like A Stranger.mp3:  66%|██████▋   | 53/80 [00:44<00:22,  1.21MiB/s]
2026-09-24 17:58:01  WARNING    upload_to_archive.py |  uploading 01_ Truckin _ Stuck Inside of Mobile _ Bird Song _ Truckin _ He's Gone _ Stuck Inside of Mobile _ NFA _ GDTRFB _ Feel Like A Stranger.mp3:  68%|██████▊   | 54/80 [00:45<00:24,  1.07MiB/s]
2026-09-24 17:58:01  WARNING    upload_to_archive.py |  uploading 01_ Truckin _ Stuck Inside of Mobile _ Bird Song _ Truckin _ He's Gone _ Stuck Inside of Mobile _ NFA _ GDTRFB _ Feel Like A Stranger.mp3:  69%|██████▉   | 55/80 [00:46<00:26,  1.05s/MiB]
2026-09-24 17:58:01  WARNING    upload_to_archive.py |  uploading 01_ Truckin _ Stuck Inside of Mobile _ Bird Song _ Truckin _ He's Gone _ Stuck Inside of Mobile _ NFA _ GDTRFB _ Feel Like A Stranger.mp3:  70%|███████   | 56/80 [00:47<00:27,  1.13s/MiB]
2026-09-24 17:58:01  WARNING    upload_to_archive.py |  uploading 01_ Truckin _ Stuck Inside of Mobile _ Bird Song _ Truckin _ He's Gone _ Stuck Inside of Mobile _ NFA _ GDTRFB _ Feel Like A Stranger.mp3:  71%|███████▏  | 57/80 [00:49<00:28,  1.22s/MiB]
2026-09-24 17:58:01  WARNING    upload_to_archive.py |  uploading 01_ Truckin _ Stuck Inside of Mobile _ Bird Song _ Truckin _ He's Gone _ Stuck Inside of Mobile _ NFA _ GDTRFB _ Feel Like A Stranger.mp3:  72%|███████▎  | 58/80 [00:50<00:27,  1.26s/MiB]
2026-09-24 17:58:01  WARNING    upload_to_archive.py |  uploading 01_ Truckin _ Stuck Inside of Mobile _ Bird Song _ Truckin _ He's Gone _ Stuck Inside of Mobile _ NFA _ GDTRFB _ Feel Like A Stranger.mp3:  74%|███████▍  | 59/80 [00:51<00:26,  1.25s/MiB]
2026-09-24 17:58:01  WARNING    upload_to_archive.py |  uploading 01_ Truckin _ Stuck Inside of Mobile _ Bird Song _ Truckin _ He's Gone _ Stuck Inside of Mobile _ NFA _ GDTRFB _ Feel Like A Stranger.mp3:  75%|███████▌  | 60/80 [00:53<00:24,  1.21s/MiB]
2026-09-24 17:58:01  WARNING    upload_to_archive.py |  uploading 01_ Truckin _ Stuck Inside of Mobile _ Bird Song _ Truckin _ He's Gone _ Stuck Inside of Mobile _ NFA _ GDTRFB _ Feel Like A Stranger.mp3:  76%|███████▋  | 61/80 [00:54<00:21,  1.15s/MiB]
2026-09-24 17:58:01  WARNING    upload_to_archive.py |  uploading 01_ Truckin _ Stuck Inside of Mobile _ Bird Song _ Truckin _ He's Gone _ Stuck Inside of Mobile _ NFA _ GDTRFB _ Feel Like A Stranger.mp3:  78%|███████▊  | 62/80 [00:54<00:18,  1.05s/MiB]
2026-09-24 17:58:01  WARNING    upload_to_archive.py |  uploading 01_ Truckin _ Stuck Inside of Mobile _ Bird Song _ Truckin _ He's Gone _ Stuck Inside of Mobile _ NFA _ GDTRFB _ Feel Like A Stranger.mp3:  79%|███████▉  | 63/80 [00:55<00:15,  1.07MiB/s]
2026-09-24 17:58:01  WARNING    upload_to_archive.py |  uploading 01_ Truckin _ Stuck Inside of Mobile _ Bird Song _ Truckin _ He's Gone _ Stuck Inside of Mobile _ NFA _ GDTRFB _ Feel Like A Stranger.mp3:  80%|████████  | 64/80 [00:56<00:13,  1.19MiB/s]
2026-09-24 17:58:01  WARNING    upload_to_archive.py |  uploading 01_ Truckin _ Stuck Inside of Mobile _ Bird Song _ Truckin _ He's Gone _ Stuck Inside of Mobile _ NFA _ GDTRFB _ Feel Like A Stranger.mp3:  81%|████████▏ | 65/80 [00:56<00:11,  1.33MiB/s]
2026-09-24 17:58:01  WARNING    upload_to_archive.py |  uploading 01_ Truckin _ Stuck Inside of Mobile _ Bird Song _ Truckin _ He's Gone _ Stuck Inside of Mobile _ NFA _ GDTRFB _ Feel Like A Stranger.mp3:  82%|████████▎ | 66/80 [00:57<00:09,  1.47MiB/s]
2026-09-24 17:58:01  WARNING    upload_to_archive.py |  uploading 01_ Truckin _ Stuck Inside of Mobile _ Bird Song _ Truckin _ He's Gone _ Stuck Inside of Mobile _ NFA _ GDTRFB _ Feel Like A Stranger.mp3:  84%|████████▍ | 67/80 [00:57<00:08,  1.61MiB/s]
2026-09-24 17:58:01  WARNING    upload_to_archive.py |  uploading 01_ Truckin _ Stuck Inside of Mobile _ Bird Song _ Truckin _ He's Gone _ Stuck Inside of Mobile _ NFA _ GDTRFB _ Feel Like A Stranger.mp3:  85%|████████▌ | 68/80 [00:58<00:06,  1.76MiB/s]
2026-09-24 17:58:01  WARNING    upload_to_archive.py |  uploading 01_ Truckin _ Stuck Inside of Mobile _ Bird Song _ Truckin _ He's Gone _ Stuck Inside of Mobile _ NFA _ GDTRFB _ Feel Like A Stranger.mp3:  86%|████████▋ | 69/80 [00:58<00:05,  1.90MiB/s]
2026-09-24 17:58:01  WARNING    upload_to_archive.py |  uploading 01_ Truckin _ Stuck Inside of Mobile _ Bird Song _ Truckin _ He's Gone _ Stuck Inside of Mobile _ NFA _ GDTRFB _ Feel Like A Stranger.mp3:  88%|████████▊ | 70/80 [00:59<00:04,  2.03MiB/s]
2026-09-24 17:58:01  WARNING    upload_to_archive.py |  uploading 01_ Truckin _ Stuck Inside of Mobile _ Bird Song _ Truckin _ He's Gone _ Stuck Inside of Mobile _ NFA _ GDTRFB _ Feel Like A Stranger.mp3:  89%|████████▉ | 71/80 [00:59<00:04,  2.18MiB/s]
2026-09-24 17:58:01  WARNING    upload_to_archive.py |  uploading 01_ Truckin _ Stuck Inside of Mobile _ Bird Song _ Truckin _ He's Gone _ Stuck Inside of Mobile _ NFA _ GDTRFB _ Feel Like A Stranger.mp3:  90%|█████████ | 72/80 [00:59<00:03,  2.32MiB/s]
2026-09-24 17:58:01  WARNING    upload_to_archive.py |  uploading 01_ Truckin _ Stuck Inside of Mobile _ Bird Song _ Truckin _ He's Gone _ Stuck Inside of Mobile _ NFA _ GDTRFB _ Feel Like A Stranger.mp3:  91%|█████████▏| 73/80 [01:00<00:02,  2.44MiB/s]
2026-09-24 17:58:01  WARNING    upload_to_archive.py |  uploading 01_ Truckin _ Stuck Inside of Mobile _ Bird Song _ Truckin _ He's Gone _ Stuck Inside of Mobile _ NFA _ GDTRFB _ Feel Like A Stranger.mp3:  92%|█████████▎| 74/80 [01:00<00:02,  2.55MiB/s]
2026-09-24 17:58:01  WARNING    upload_to_archive.py |  uploading 01_ Truckin _ Stuck Inside of Mobile _ Bird Song _ Truckin _ He's Gone _ Stuck Inside of Mobile _ NFA _ GDTRFB _ Feel Like A Stranger.mp3:  94%|█████████▍| 75/80 [01:00<00:01,  2.69MiB/s]
2026-09-24 17:58:01  WARNING    upload_to_archive.py |  uploading 01_ Truckin _ Stuck Inside of Mobile _ Bird Song _ Truckin _ He's Gone _ Stuck Inside of Mobile _ NFA _ GDTRFB _ Feel Like A Stranger.mp3:  95%|█████████▌| 76/80 [01:01<00:01,  2.79MiB/s]
2026-09-24 17:58:01  WARNING    upload_to_archive.py |  uploading 01_ Truckin _ Stuck Inside of Mobile _ Bird Song _ Truckin _ He's Gone _ Stuck Inside of Mobile _ NFA _ GDTRFB _ Feel Like A Stranger.mp3:  96%|█████████▋| 77/80 [01:01<00:01,  2.89MiB/s]
2026-09-24 17:58:01  WARNING    upload_to_archive.py |  uploading 01_ Truckin _ Stuck Inside of Mobile _ Bird Song _ Truckin _ He's Gone _ Stuck Inside of Mobile _ NFA _ GDTRFB _ Feel Like A Stranger.mp3:  98%|█████████▊| 78/80 [01:01<00:00,  3.01MiB/s]
2026-09-24 17:58:01  WARNING    upload_to_archive.py |  uploading 01_ Truckin _ Stuck Inside of Mobile _ Bird Song _ Truckin _ He's Gone _ Stuck Inside of Mobile _ NFA _ GDTRFB _ Feel Like A Stranger.mp3:  99%|█████████▉| 79/80 [01:02<00:00,  3.14MiB/s]
2026-09-24 17:58:01  WARNING    upload_to_archive.py |  uploading 01_ Truckin _ Stuck Inside of Mobile _ Bird Song _ Truckin _ He's Gone _ Stuck Inside of Mobile _ NFA _ GDTRFB _ Feel Like A Stranger.mp3: 100%|██████████| 80/80 [01:02<00:00,  3.45MiB/s]
2026-09-24 17:58:01  WARNING    upload_to_archive.py |  uploading 01_ Truckin _ Stuck Inside of Mobile _ Bird Song _ Truckin _ He's Gone _ Stuck Inside of Mobile _ NFA _ GDTRFB _ Feel Like A Stranger.mp3: 100%|██████████| 80/80 [01:02<00:00,  1.29MiB/s]
2026-09-24 17:58:01  WARNING    upload_to_archive.py | 
2026-09-24 17:58:01  WARNING    upload_to_archive.py |  uploading 02_ I Second That Emotion _ Dancin _ Wharf Rat.mp3:   0%|          | 0/40 [00:00<?, ?MiB/s]
2026-09-24 17:58:01  WARNING    upload_to_archive.py |  uploading 02_ I Second That Emotion _ Dancin _ Wharf Rat.mp3:   2%|▎         | 1/40 [00:00<00:29,  1.32MiB/s]
2026-09-24 17:58:01  WARNING    upload_to_archive.py |  uploading 02_ I Second That Emotion _ Dancin _ Wharf Rat.mp3:   8%|▊         | 3/40 [00:00<00:09,  3.82MiB/s]
2026-09-24 17:58:01  WARNING    upload_to_archive.py |  uploading 02_ I Second That Emotion _ Dancin _ Wharf Rat.mp3:  18%|█▊        | 7/40 [00:01<00:03,  8.80MiB/s]
2026-09-24 17:58:01  WARNING    upload_to_archive.py |  uploading 02_ I Second That Emotion _ Dancin _ Wharf Rat.mp3:  22%|██▎       | 9/40 [00:05<00:24,  1.27MiB/s]
2026-09-24 17:58:01  WARNING    upload_to_archive.py |  uploading 02_ I Second That Emotion _ Dancin _ Wharf Rat.mp3:  25%|██▌       | 10/40 [00:05<00:20,  1.48MiB/s]
2026-09-24 17:58:01  WARNING    upload_to_archive.py |  uploading 02_ I Second That Emotion _ Dancin _ Wharf Rat.mp3:  28%|██▊       | 11/40 [00:05<00:16,  1.75MiB/s]
2026-09-24 17:58:01  WARNING    upload_to_archive.py |  uploading 02_ I Second That Emotion _ Dancin _ Wharf Rat.mp3:  30%|███       | 12/40 [00:06<00:14,  2.00MiB/s]
2026-09-24 17:58:01  WARNING    upload_to_archive.py |  uploading 02_ I Second That Emotion _ Dancin _ Wharf Rat.mp3:  32%|███▎      | 13/40 [00:06<00:11,  2.26MiB/s]
2026-09-24 17:58:01  WARNING    upload_to_archive.py |  uploading 02_ I Second That Emotion _ Dancin _ Wharf Rat.mp3:  35%|███▌      | 14/40 [00:06<00:10,  2.54MiB/s]
2026-09-24 17:58:01  WARNING    upload_to_archive.py |  uploading 02_ I Second That Emotion _ Dancin _ Wharf Rat.mp3:  38%|███▊      | 15/40 [00:06<00:08,  2.82MiB/s]
2026-09-24 17:58:01  WARNING    upload_to_archive.py |  uploading 02_ I Second That Emotion _ Dancin _ Wharf Rat.mp3:  40%|████      | 16/40 [00:07<00:07,  3.02MiB/s]
2026-09-24 17:58:01  WARNING    upload_to_archive.py |  uploading 02_ I Second That Emotion _ Dancin _ Wharf Rat.mp3:  42%|████▎     | 17/40 [00:07<00:07,  3.24MiB/s]
2026-09-24 17:58:01  WARNING    upload_to_archive.py |  uploading 02_ I Second That Emotion _ Dancin _ Wharf Rat.mp3:  45%|████▌     | 18/40 [00:07<00:06,  3.53MiB/s]
2026-09-24 17:58:01  WARNING    upload_to_archive.py |  uploading 02_ I Second That Emotion _ Dancin _ Wharf Rat.mp3:  48%|████▊     | 19/40 [00:07<00:05,  3.64MiB/s]
2026-09-24 17:58:01  WARNING    upload_to_archive.py |  uploading 02_ I Second That Emotion _ Dancin _ Wharf Rat.mp3:  50%|█████     | 20/40 [00:08<00:05,  3.86MiB/s]
2026-09-24 17:58:01  WARNING    upload_to_archive.py |  uploading 02_ I Second That Emotion _ Dancin _ Wharf Rat.mp3:  52%|█████▎    | 21/40 [00:08<00:04,  3.89MiB/s]
2026-09-24 17:58:01  WARNING    upload_to_archive.py |  uploading 02_ I Second That Emotion _ Dancin _ Wharf Rat.mp3:  55%|█████▌    | 22/40 [00:08<00:04,  4.05MiB/s]
2026-09-24 17:58:01  WARNING    upload_to_archive.py |  uploading 02_ I Second That Emotion _ Dancin _ Wharf Rat.mp3:  57%|█████▊    | 23/40 [00:08<00:04,  4.10MiB/s]
2026-09-24 17:58:01  WARNING    upload_to_archive.py |  uploading 02_ I Second That Emotion _ Dancin _ Wharf Rat.mp3:  60%|██████    | 24/40 [00:09<00:03,  4.21MiB/s]
2026-09-24 17:58:01  WARNING    upload_to_archive.py |  uploading 02_ I Second That Emotion _ Dancin _ Wharf Rat.mp3:  62%|██████▎   | 25/40 [00:09<00:03,  4.29MiB/s]
2026-09-24 17:58:01  WARNING    upload_to_archive.py |  uploading 02_ I Second That Emotion _ Dancin _ Wharf Rat.mp3:  65%|██████▌   | 26/40 [00:09<00:03,  4.35MiB/s]
2026-09-24 17:58:01  WARNING    upload_to_archive.py |  uploading 02_ I Second That Emotion _ Dancin _ Wharf Rat.mp3:  68%|██████▊   | 27/40 [00:09<00:03,  4.31MiB/s]
2026-09-24 17:58:01  WARNING    upload_to_archive.py |  uploading 02_ I Second That Emotion _ Dancin _ Wharf Rat.mp3:  70%|███████   | 28/40 [00:09<00:02,  4.45MiB/s]
2026-09-24 17:58:01  WARNING    upload_to_archive.py |  uploading 02_ I Second That Emotion _ Dancin _ Wharf Rat.mp3:  72%|███████▎  | 29/40 [00:10<00:02,  4.44MiB/s]
2026-09-24 17:58:01  WARNING    upload_to_archive.py |  uploading 02_ I Second That Emotion _ Dancin _ Wharf Rat.mp3:  75%|███████▌  | 30/40 [00:10<00:02,  4.50MiB/s]
2026-09-24 17:58:01  WARNING    upload_to_archive.py |  uploading 02_ I Second That Emotion _ Dancin _ Wharf Rat.mp3:  78%|███████▊  | 31/40 [00:10<00:02,  4.07MiB/s]
2026-09-24 17:58:01  WARNING    upload_to_archive.py |  uploading 02_ I Second That Emotion _ Dancin _ Wharf Rat.mp3:  80%|████████  | 32/40 [00:10<00:02,  3.81MiB/s]
2026-09-24 17:58:01  WARNING    upload_to_archive.py |  uploading 02_ I Second That Emotion _ Dancin _ Wharf Rat.mp3:  82%|████████▎ | 33/40 [00:11<00:01,  3.59MiB/s]
2026-09-24 17:58:01  WARNING    upload_to_archive.py |  uploading 02_ I Second That Emotion _ Dancin _ Wharf Rat.mp3:  85%|████████▌ | 34/40 [00:11<00:01,  3.50MiB/s]
2026-09-24 17:58:01  WARNING    upload_to_archive.py |  uploading 02_ I Second That Emotion _ Dancin _ Wharf Rat.mp3:  88%|████████▊ | 35/40 [00:11<00:01,  3.44MiB/s]
2026-09-24 17:58:01  WARNING    upload_to_archive.py |  uploading 02_ I Second That Emotion _ Dancin _ Wharf Rat.mp3:  90%|█████████ | 36/40 [00:12<00:01,  3.46MiB/s]
2026-09-24 17:58:01  WARNING    upload_to_archive.py |  uploading 02_ I Second That Emotion _ Dancin _ Wharf Rat.mp3:  92%|█████████▎| 37/40 [00:12<00:00,  3.47MiB/s]
2026-09-24 17:58:01  WARNING    upload_to_archive.py |  uploading 02_ I Second That Emotion _ Dancin _ Wharf Rat.mp3:  95%|█████████▌| 38/40 [00:12<00:00,  3.54MiB/s]
2026-09-24 17:58:01  WARNING    upload_to_archive.py |  uploading 02_ I Second That Emotion _ Dancin _ Wharf Rat.mp3:  98%|█████████▊| 39/40 [00:13<00:00,  3.53MiB/s]
2026-09-24 17:58:01  WARNING    upload_to_archive.py |  uploading 02_ I Second That Emotion _ Dancin _ Wharf Rat.mp3: 100%|██████████| 40/40 [00:13<00:00,  4.31MiB/s]
2026-09-24 17:58:01  WARNING    upload_to_archive.py |  uploading 02_ I Second That Emotion _ Dancin _ Wharf Rat.mp3: 100%|██████████| 40/40 [00:13<00:00,  3.04MiB/s]
2026-09-24 17:58:01  WARNING    upload_to_archive.py | 
2026-09-24 17:58:01  WARNING    upload_to_archive.py |  uploading 03_ Saint of Circumstance _ Drowned _ Saint of Circumstance _ Brown Eyed Women.mp3:   0%|          | 0/28 [00:00<?, ?MiB/s]
2026-09-24 17:58:01  WARNING    upload_to_archive.py |  uploading 03_ Saint of Circumstance _ Drowned _ Saint of Circumstance _ Brown Eyed Women.mp3:   4%|▎         | 1/28 [00:00<00:20,  1.29MiB/s]
2026-09-24 17:58:01  WARNING    upload_to_archive.py |  uploading 03_ Saint of Circumstance _ Drowned _ Saint of Circumstance _ Brown Eyed Women.mp3:  11%|█         | 3/28 [00:00<00:06,  4.13MiB/s]
2026-09-24 17:58:01  WARNING    upload_to_archive.py |  uploading 03_ Saint of Circumstance _ Drowned _ Saint of Circumstance _ Brown Eyed Women.mp3:  18%|█▊        | 5/28 [00:01<00:04,  5.13MiB/s]
2026-09-24 17:58:01  WARNING    upload_to_archive.py |  uploading 03_ Saint of Circumstance _ Drowned _ Saint of Circumstance _ Brown Eyed Women.mp3:  21%|██▏       | 6/28 [00:01<00:03,  5.53MiB/s]
2026-09-24 17:58:01  WARNING    upload_to_archive.py |  uploading 03_ Saint of Circumstance _ Drowned _ Saint of Circumstance _ Brown Eyed Women.mp3:  25%|██▌       | 7/28 [00:01<00:03,  5.31MiB/s]
2026-09-24 17:58:01  WARNING    upload_to_archive.py |  uploading 03_ Saint of Circumstance _ Drowned _ Saint of Circumstance _ Brown Eyed Women.mp3:  29%|██▊       | 8/28 [00:01<00:04,  4.54MiB/s]
2026-09-24 17:58:01  WARNING    upload_to_archive.py |  uploading 03_ Saint of Circumstance _ Drowned _ Saint of Circumstance _ Brown Eyed Women.mp3:  32%|███▏      | 9/28 [00:02<00:04,  3.81MiB/s]
2026-09-24 17:58:01  WARNING    upload_to_archive.py |  uploading 03_ Saint of Circumstance _ Drowned _ Saint of Circumstance _ Brown Eyed Women.mp3:  36%|███▌      | 10/28 [00:02<00:05,  3.48MiB/s]
2026-09-24 17:58:01  WARNING    upload_to_archive.py |  uploading 03_ Saint of Circumstance _ Drowned _ Saint of Circumstance _ Brown Eyed Women.mp3:  39%|███▉      | 11/28 [00:02<00:05,  3.17MiB/s]
2026-09-24 17:58:01  WARNING    upload_to_archive.py |  uploading 03_ Saint of Circumstance _ Drowned _ Saint of Circumstance _ Brown Eyed Women.mp3:  43%|████▎     | 12/28 [00:03<00:05,  2.98MiB/s]
2026-09-24 17:58:01  WARNING    upload_to_archive.py |  uploading 03_ Saint of Circumstance _ Drowned _ Saint of Circumstance _ Brown Eyed Women.mp3:  46%|████▋     | 13/28 [00:03<00:05,  2.78MiB/s]
2026-09-24 17:58:01  WARNING    upload_to_archive.py |  uploading 03_ Saint of Circumstance _ Drowned _ Saint of Circumstance _ Brown Eyed Women.mp3:  50%|█████     | 14/28 [00:04<00:07,  1.88MiB/s]
2026-09-24 17:58:01  WARNING    upload_to_archive.py |  uploading 03_ Saint of Circumstance _ Drowned _ Saint of Circumstance _ Brown Eyed Women.mp3:  54%|█████▎    | 15/28 [00:05<00:06,  1.95MiB/s]
2026-09-24 17:58:01  WARNING    upload_to_archive.py |  uploading 03_ Saint of Circumstance _ Drowned _ Saint of Circumstance _ Brown Eyed Women.mp3:  57%|█████▋    | 16/28 [00:05<00:06,  1.99MiB/s]
2026-09-24 17:58:01  WARNING    upload_to_archive.py |  uploading 03_ Saint of Circumstance _ Drowned _ Saint of Circumstance _ Brown Eyed Women.mp3:  61%|██████    | 17/28 [00:06<00:05,  2.06MiB/s]
2026-09-24 17:58:01  WARNING    upload_to_archive.py |  uploading 03_ Saint of Circumstance _ Drowned _ Saint of Circumstance _ Brown Eyed Women.mp3:  64%|██████▍   | 18/28 [00:06<00:05,  1.85MiB/s]
2026-09-24 17:58:01  WARNING    upload_to_archive.py |  uploading 03_ Saint of Circumstance _ Drowned _ Saint of Circumstance _ Brown Eyed Women.mp3:  68%|██████▊   | 19/28 [00:07<00:04,  1.84MiB/s]
2026-09-24 17:58:01  WARNING    upload_to_archive.py |  uploading 03_ Saint of Circumstance _ Drowned _ Saint of Circumstance _ Brown Eyed Women.mp3:  71%|███████▏  | 20/28 [00:07<00:04,  1.79MiB/s]
2026-09-24 17:58:01  WARNING    upload_to_archive.py |  uploading 03_ Saint of Circumstance _ Drowned _ Saint of Circumstance _ Brown Eyed Women.mp3:  75%|███████▌  | 21/28 [00:08<00:03,  1.81MiB/s]
2026-09-24 17:58:01  WARNING    upload_to_archive.py |  uploading 03_ Saint of Circumstance _ Drowned _ Saint of Circumstance _ Brown Eyed Women.mp3:  79%|███████▊  | 22/28 [00:08<00:03,  1.86MiB/s]
2026-09-24 17:58:01  WARNING    upload_to_archive.py |  uploading 03_ Saint of Circumstance _ Drowned _ Saint of Circumstance _ Brown Eyed Women.mp3:  82%|████████▏ | 23/28 [00:09<00:02,  1.89MiB/s]
2026-09-24 17:58:01  WARNING    upload_to_archive.py |  uploading 03_ Saint of Circumstance _ Drowned _ Saint of Circumstance _ Brown Eyed Women.mp3:  86%|████████▌ | 24/28 [00:09<00:02,  1.95MiB/s]
2026-09-24 17:58:01  WARNING    upload_to_archive.py |  uploading 03_ Saint of Circumstance _ Drowned _ Saint of Circumstance _ Brown Eyed Women.mp3:  89%|████████▉ | 25/28 [00:10<00:01,  2.01MiB/s]
2026-09-24 17:58:01  WARNING    upload_to_archive.py |  uploading 03_ Saint of Circumstance _ Drowned _ Saint of Circumstance _ Brown Eyed Women.mp3:  93%|█████████▎| 26/28 [00:10<00:00,  2.06MiB/s]
2026-09-24 17:58:01  WARNING    upload_to_archive.py |  uploading 03_ Saint of Circumstance _ Drowned _ Saint of Circumstance _ Brown Eyed Women.mp3:  96%|█████████▋| 27/28 [00:11<00:00,  2.11MiB/s]
2026-09-24 17:58:01  WARNING    upload_to_archive.py |  uploading 03_ Saint of Circumstance _ Drowned _ Saint of Circumstance _ Brown Eyed Women.mp3: 100%|██████████| 28/28 [00:11<00:00,  2.74MiB/s]
2026-09-24 17:58:01  WARNING    upload_to_archive.py |  uploading 03_ Saint of Circumstance _ Drowned _ Saint of Circumstance _ Brown Eyed Women.mp3: 100%|██████████| 28/28 [00:11<00:00,  2.46MiB/s]
2026-09-24 17:58:01  WARNING    upload_to_archive.py | 
2026-09-24 17:58:01  WARNING    upload_to_archive.py |  uploading 04_ Midnight Moonlight.mp3:   0%|          | 0/8 [00:00<?, ?MiB/s]
2026-09-24 17:58:01  WARNING    upload_to_archive.py |  uploading 04_ Midnight Moonlight.mp3:  12%|█▎        | 1/8 [00:00<00:05,  1.30MiB/s]
2026-09-24 17:58:01  WARNING    upload_to_archive.py |  uploading 04_ Midnight Moonlight.mp3:  25%|██▌       | 2/8 [00:00<00:02,  2.37MiB/s]
2026-09-24 17:58:01  WARNING    upload_to_archive.py |  uploading 04_ Midnight Moonlight.mp3:  38%|███▊      | 3/8 [00:01<00:01,  3.08MiB/s]
2026-09-24 17:58:01  WARNING    upload_to_archive.py |  uploading 04_ Midnight Moonlight.mp3:  50%|█████     | 4/8 [00:01<00:01,  3.35MiB/s]
2026-09-24 17:58:01  WARNING    upload_to_archive.py |  uploading 04_ Midnight Moonlight.mp3:  62%|██████▎   | 5/8 [00:01<00:01,  2.78MiB/s]
2026-09-24 17:58:01  WARNING    upload_to_archive.py |  uploading 04_ Midnight Moonlight.mp3:  75%|███████▌  | 6/8 [00:02<00:00,  2.42MiB/s]
2026-09-24 17:58:01  WARNING    upload_to_archive.py |  uploading 04_ Midnight Moonlight.mp3:  88%|████████▊ | 7/8 [00:02<00:00,  2.33MiB/s]
2026-09-24 17:58:01  WARNING    upload_to_archive.py |  uploading 04_ Midnight Moonlight.mp3: 100%|██████████| 8/8 [00:03<00:00,  2.69MiB/s]
2026-09-24 17:58:01  WARNING    upload_to_archive.py |  uploading 04_ Midnight Moonlight.mp3: 100%|██████████| 8/8 [00:03<00:00,  2.57MiB/s]
2026-09-24 17:58:01  INFO     [3/6] Analyzing data...
2026-09-24 17:58:03  INFO       analyze.py | song_stats.csv created!
2026-09-24 17:58:03  INFO     [4/6] Building metadata...
2026-09-24 17:58:04  INFO       build_metadata.py | song_metadata.csv updated!
2026-09-24 17:58:04  INFO     [5/6] Adding share links...
2026-09-24 17:58:10  INFO       generate_share_links.py | Found 1 folders to generate share links for.
2026-09-24 17:58:10  INFO       generate_share_links.py |   Processing: LoveDeep/Audio Recordings/Jam Session Recordings 2021-/2026/2026-09-24 _ Jam Session
2026-09-24 17:58:10  INFO       generate_share_links.py |     ✓ https://1drv.ms/f/c/436f797b4dd480a3/IgDSHDw9wqVnSoDQbznCWIGTAb_zIUYNYKdobvgsaUaVYvE
2026-09-24 17:58:10  INFO       generate_share_links.py | 
2026-09-24 17:58:10  INFO       generate_share_links.py | Done. 1 share links written to band_archive.csv.
2026-09-24 17:58:10  INFO     [6/6] Checking for changes...
2026-09-24 17:58:12  INFO     Changes detected. Committing...
2026-09-24 17:58:12  INFO     Pushing to GitHub...
2026-09-24 17:58:16  INFO     Done! Streamlit Cloud will redeploy automatically in a minute or two.
2026-09-24 17:58:16  INFO     Pipeline finished successfully.
2026-09-26 18:56:31  INFO     ==================================================
2026-09-26 18:56:31  INFO       DankApp Database Update
2026-09-26 18:56:31  INFO     ==================================================
2026-09-26 18:56:31  INFO     Working directory: C:\Users\Administrator\OneDrive\LoveDeep\danktuary-archive-clean
2026-09-26 18:56:31  INFO     [1/6] Scanning files to update band_archive.csv...
2026-09-26 18:56:39  INFO       scanner.py | Let's a-gooooo!
2026-09-26 18:56:39  INFO       scanner.py | Found extra column(s) in band_archive.csv added by another script: ['OneDrive Share URL']. Preserving them.
2026-09-26 18:56:39  INFO       scanner.py | Loaded 6527 existing row(s); 5055 file(s) already catalogued and will be skipped.
2026-09-26 18:56:39  INFO       scanner.py | New folder detected: 'C:\Users\Administrator\OneDrive\LoveDeep\Audio Recordings\Jam Session Recordings 2021-\2026\2026-09-26 _ Jam Session'
2026-09-26 18:56:39  INFO       scanner.py | New file detected: 'C:\Users\Administrator\OneDrive\LoveDeep\Audio Recordings\Jam Session Recordings 2021-\2026\2026-09-26 _ Jam Session\01_ Cold Rain And Snow.mp3'
2026-09-26 18:56:39  INFO       scanner.py | New file detected: 'C:\Users\Administrator\OneDrive\LoveDeep\Audio Recordings\Jam Session Recordings 2021-\2026\2026-09-26 _ Jam Session\02_ Cold Rain And Snow _ Truckin _ Stuck Inside Of Mobile.mp3'
2026-09-26 18:56:39  INFO       scanner.py | New file detected: 'C:\Users\Administrator\OneDrive\LoveDeep\Audio Recordings\Jam Session Recordings 2021-\2026\2026-09-26 _ Jam Session\03_ Terrapin Station.mp3'
2026-09-26 18:56:39  INFO       scanner.py | New file detected: 'C:\Users\Administrator\OneDrive\LoveDeep\Audio Recordings\Jam Session Recordings 2021-\2026\2026-09-26 _ Jam Session\04_ Atlantic City _ I Know You Rider.mp3'
2026-09-26 18:56:39  INFO       scanner.py | New file detected: 'C:\Users\Administrator\OneDrive\LoveDeep\Audio Recordings\Jam Session Recordings 2021-\2026\2026-09-26 _ Jam Session\05_ Ramble On Rose.mp3'
2026-09-26 18:56:39  INFO       scanner.py | Added 8 new row(s), removed 0 row(s), flagged 0 row(s) as missing. CSV now has 6535 total row(s).
2026-09-26 18:56:39  WARNING    scanner.py | 2026-09-26 18:56:36.720 Thread 'MainThread': missing ScriptRunContext! This warning can be ignored when running in bare mode.
2026-09-26 18:56:39  WARNING    scanner.py | 2026-09-26 18:56:38.103 No runtime found, using MemoryCacheStorageManager
2026-09-26 18:56:39  WARNING    scanner.py | 2026-09-26 18:56:38.111 No runtime found, using MemoryCacheStorageManager
2026-09-26 18:56:39  WARNING    scanner.py | 2026-09-26 18:56:38.111 No runtime found, using MemoryCacheStorageManager
2026-09-26 18:56:39  WARNING    scanner.py | 2026-09-26 18:56:38.111 No runtime found, using MemoryCacheStorageManager
2026-09-26 18:56:39  INFO     [2/6] Uploading new recordings to the Internet Archive...
2026-09-26 18:59:13  INFO       upload_to_archive.py | 2026-09-26 — Danktuary Studios
2026-09-26 18:59:13  INFO       upload_to_archive.py |   deadweight-2026-09-26-danktuary-studios: 0 file(s) already confirmed, uploading 5 file(s)...
2026-09-26 18:59:13  INFO       upload_to_archive.py | Done. band_archive.csv updated with IA URLs.
2026-09-26 18:59:13  WARNING    upload_to_archive.py | 
2026-09-26 18:59:13  WARNING    upload_to_archive.py |  uploading 01_ Cold Rain And Snow.mp3:   0%|          | 0/6 [00:00<?, ?MiB/s]
2026-09-26 18:59:13  WARNING    upload_to_archive.py |  uploading 01_ Cold Rain And Snow.mp3:  17%|█▋        | 1/6 [00:00<00:03,  1.28MiB/s]
2026-09-26 18:59:13  WARNING    upload_to_archive.py |  uploading 01_ Cold Rain And Snow.mp3:  67%|██████▋   | 4/6 [00:00<00:00,  5.10MiB/s]
2026-09-26 18:59:13  WARNING    upload_to_archive.py |  uploading 01_ Cold Rain And Snow.mp3: 100%|██████████| 6/6 [00:01<00:00,  5.88MiB/s]
2026-09-26 18:59:13  WARNING    upload_to_archive.py |  uploading 01_ Cold Rain And Snow.mp3: 100%|██████████| 6/6 [00:01<00:00,  4.86MiB/s]
2026-09-26 18:59:13  WARNING    upload_to_archive.py | 
2026-09-26 18:59:13  WARNING    upload_to_archive.py |  uploading 02_ Cold Rain And Snow _ Truckin _ Stuck Inside Of Mobile.mp3:   0%|          | 0/36 [00:00<?, ?MiB/s]
2026-09-26 18:59:13  WARNING    upload_to_archive.py |  uploading 02_ Cold Rain And Snow _ Truckin _ Stuck Inside Of Mobile.mp3:   3%|▎         | 1/36 [00:00<00:25,  1.39MiB/s]
2026-09-26 18:59:13  WARNING    upload_to_archive.py |  uploading 02_ Cold Rain And Snow _ Truckin _ Stuck Inside Of Mobile.mp3:   6%|▌         | 2/36 [00:00<00:12,  2.63MiB/s]
2026-09-26 18:59:13  WARNING    upload_to_archive.py |  uploading 02_ Cold Rain And Snow _ Truckin _ Stuck Inside Of Mobile.mp3:   8%|▊         | 3/36 [00:01<00:10,  3.02MiB/s]
2026-09-26 18:59:13  WARNING    upload_to_archive.py |  uploading 02_ Cold Rain And Snow _ Truckin _ Stuck Inside Of Mobile.mp3:  11%|█         | 4/36 [00:01<00:08,  3.57MiB/s]
2026-09-26 18:59:13  WARNING    upload_to_archive.py |  uploading 02_ Cold Rain And Snow _ Truckin _ Stuck Inside Of Mobile.mp3:  14%|█▍        | 5/36 [00:01<00:08,  3.49MiB/s]
2026-09-26 18:59:13  WARNING    upload_to_archive.py |  uploading 02_ Cold Rain And Snow _ Truckin _ Stuck Inside Of Mobile.mp3:  17%|█▋        | 6/36 [00:02<00:09,  3.17MiB/s]
2026-09-26 18:59:13  WARNING    upload_to_archive.py |  uploading 02_ Cold Rain And Snow _ Truckin _ Stuck Inside Of Mobile.mp3:  19%|█▉        | 7/36 [00:02<00:10,  2.89MiB/s]
2026-09-26 18:59:13  WARNING    upload_to_archive.py |  uploading 02_ Cold Rain And Snow _ Truckin _ Stuck Inside Of Mobile.mp3:  22%|██▏       | 8/36 [00:02<00:10,  2.67MiB/s]
2026-09-26 18:59:13  WARNING    upload_to_archive.py |  uploading 02_ Cold Rain And Snow _ Truckin _ Stuck Inside Of Mobile.mp3:  25%|██▌       | 9/36 [00:03<00:10,  2.53MiB/s]
2026-09-26 18:59:13  WARNING    upload_to_archive.py |  uploading 02_ Cold Rain And Snow _ Truckin _ Stuck Inside Of Mobile.mp3:  28%|██▊       | 10/36 [00:03<00:09,  2.63MiB/s]
2026-09-26 18:59:13  WARNING    upload_to_archive.py |  uploading 02_ Cold Rain And Snow _ Truckin _ Stuck Inside Of Mobile.mp3:  31%|███       | 11/36 [00:04<00:09,  2.52MiB/s]
2026-09-26 18:59:13  WARNING    upload_to_archive.py |  uploading 02_ Cold Rain And Snow _ Truckin _ Stuck Inside Of Mobile.mp3:  33%|███▎      | 12/36 [00:04<00:09,  2.56MiB/s]
2026-09-26 18:59:13  WARNING    upload_to_archive.py |  uploading 02_ Cold Rain And Snow _ Truckin _ Stuck Inside Of Mobile.mp3:  36%|███▌      | 13/36 [00:04<00:09,  2.44MiB/s]
2026-09-26 18:59:13  WARNING    upload_to_archive.py |  uploading 02_ Cold Rain And Snow _ Truckin _ Stuck Inside Of Mobile.mp3:  39%|███▉      | 14/36 [00:05<00:09,  2.27MiB/s]
2026-09-26 18:59:13  WARNING    upload_to_archive.py |  uploading 02_ Cold Rain And Snow _ Truckin _ Stuck Inside Of Mobile.mp3:  42%|████▏     | 15/36 [00:05<00:09,  2.22MiB/s]
2026-09-26 18:59:13  WARNING    upload_to_archive.py |  uploading 02_ Cold Rain And Snow _ Truckin _ Stuck Inside Of Mobile.mp3:  44%|████▍     | 16/36 [00:06<00:08,  2.24MiB/s]
2026-09-26 18:59:13  WARNING    upload_to_archive.py |  uploading 02_ Cold Rain And Snow _ Truckin _ Stuck Inside Of Mobile.mp3:  47%|████▋     | 17/36 [00:06<00:08,  2.21MiB/s]
2026-09-26 18:59:13  WARNING    upload_to_archive.py |  uploading 02_ Cold Rain And Snow _ Truckin _ Stuck Inside Of Mobile.mp3:  50%|█████     | 18/36 [00:07<00:07,  2.25MiB/s]
2026-09-26 18:59:13  WARNING    upload_to_archive.py |  uploading 02_ Cold Rain And Snow _ Truckin _ Stuck Inside Of Mobile.mp3:  53%|█████▎    | 19/36 [00:07<00:07,  2.28MiB/s]
2026-09-26 18:59:13  WARNING    upload_to_archive.py |  uploading 02_ Cold Rain And Snow _ Truckin _ Stuck Inside Of Mobile.mp3:  56%|█████▌    | 20/36 [00:08<00:07,  2.02MiB/s]
2026-09-26 18:59:13  WARNING    upload_to_archive.py |  uploading 02_ Cold Rain And Snow _ Truckin _ Stuck Inside Of Mobile.mp3:  58%|█████▊    | 21/36 [00:08<00:08,  1.84MiB/s]
2026-09-26 18:59:13  WARNING    upload_to_archive.py |  uploading 02_ Cold Rain And Snow _ Truckin _ Stuck Inside Of Mobile.mp3:  61%|██████    | 22/36 [00:09<00:08,  1.62MiB/s]
2026-09-26 18:59:13  WARNING    upload_to_archive.py |  uploading 02_ Cold Rain And Snow _ Truckin _ Stuck Inside Of Mobile.mp3:  64%|██████▍   | 23/36 [00:10<00:09,  1.39MiB/s]
2026-09-26 18:59:13  WARNING    upload_to_archive.py |  uploading 02_ Cold Rain And Snow _ Truckin _ Stuck Inside Of Mobile.mp3:  67%|██████▋   | 24/36 [00:12<00:10,  1.11MiB/s]
2026-09-26 18:59:13  WARNING    upload_to_archive.py |  uploading 02_ Cold Rain And Snow _ Truckin _ Stuck Inside Of Mobile.mp3:  69%|██████▉   | 25/36 [00:13<00:11,  1.06s/MiB]
2026-09-26 18:59:13  WARNING    upload_to_archive.py |  uploading 02_ Cold Rain And Snow _ Truckin _ Stuck Inside Of Mobile.mp3:  72%|███████▏  | 26/36 [00:14<00:10,  1.07s/MiB]
2026-09-26 18:59:13  WARNING    upload_to_archive.py |  uploading 02_ Cold Rain And Snow _ Truckin _ Stuck Inside Of Mobile.mp3:  75%|███████▌  | 27/36 [00:15<00:09,  1.07s/MiB]
2026-09-26 18:59:13  WARNING    upload_to_archive.py |  uploading 02_ Cold Rain And Snow _ Truckin _ Stuck Inside Of Mobile.mp3:  78%|███████▊  | 28/36 [00:16<00:08,  1.03s/MiB]
2026-09-26 18:59:13  WARNING    upload_to_archive.py |  uploading 02_ Cold Rain And Snow _ Truckin _ Stuck Inside Of Mobile.mp3:  81%|████████  | 29/36 [00:17<00:07,  1.08s/MiB]
2026-09-26 18:59:13  WARNING    upload_to_archive.py |  uploading 02_ Cold Rain And Snow _ Truckin _ Stuck Inside Of Mobile.mp3:  83%|████████▎ | 30/36 [00:18<00:06,  1.06s/MiB]
2026-09-26 18:59:13  WARNING    upload_to_archive.py |  uploading 02_ Cold Rain And Snow _ Truckin _ Stuck Inside Of Mobile.mp3:  86%|████████▌ | 31/36 [00:19<00:05,  1.01s/MiB]
2026-09-26 18:59:13  WARNING    upload_to_archive.py |  uploading 02_ Cold Rain And Snow _ Truckin _ Stuck Inside Of Mobile.mp3:  89%|████████▉ | 32/36 [00:20<00:03,  1.07MiB/s]
2026-09-26 18:59:13  WARNING    upload_to_archive.py |  uploading 02_ Cold Rain And Snow _ Truckin _ Stuck Inside Of Mobile.mp3:  92%|█████████▏| 33/36 [00:21<00:02,  1.09MiB/s]
2026-09-26 18:59:13  WARNING    upload_to_archive.py |  uploading 02_ Cold Rain And Snow _ Truckin _ Stuck Inside Of Mobile.mp3:  94%|█████████▍| 34/36 [00:22<00:02,  1.08s/MiB]
2026-09-26 18:59:13  WARNING    upload_to_archive.py |  uploading 02_ Cold Rain And Snow _ Truckin _ Stuck Inside Of Mobile.mp3:  97%|█████████▋| 35/36 [00:23<00:01,  1.12s/MiB]
2026-09-26 18:59:13  WARNING    upload_to_archive.py |  uploading 02_ Cold Rain And Snow _ Truckin _ Stuck Inside Of Mobile.mp3: 100%|██████████| 36/36 [00:24<00:00,  1.04s/MiB]
2026-09-26 18:59:13  WARNING    upload_to_archive.py |  uploading 02_ Cold Rain And Snow _ Truckin _ Stuck Inside Of Mobile.mp3: 100%|██████████| 36/36 [00:24<00:00,  1.45MiB/s]
2026-09-26 18:59:13  WARNING    upload_to_archive.py | 
2026-09-26 18:59:13  WARNING    upload_to_archive.py |  uploading 03_ Terrapin Station.mp3:   0%|          | 0/17 [00:00<?, ?MiB/s]
2026-09-26 18:59:13  WARNING    upload_to_archive.py |  uploading 03_ Terrapin Station.mp3:   6%|▌         | 1/17 [00:00<00:11,  1.33MiB/s]
2026-09-26 18:59:13  WARNING    upload_to_archive.py |  uploading 03_ Terrapin Station.mp3:  18%|█▊        | 3/17 [00:00<00:03,  4.27MiB/s]
2026-09-26 18:59:13  WARNING    upload_to_archive.py |  uploading 03_ Terrapin Station.mp3:  29%|██▉       | 5/17 [00:01<00:02,  5.72MiB/s]
2026-09-26 18:59:13  WARNING    upload_to_archive.py |  uploading 03_ Terrapin Station.mp3:  41%|████      | 7/17 [00:01<00:01,  5.57MiB/s]
2026-09-26 18:59:13  WARNING    upload_to_archive.py |  uploading 03_ Terrapin Station.mp3:  47%|████▋     | 8/17 [00:01<00:01,  4.97MiB/s]
2026-09-26 18:59:13  WARNING    upload_to_archive.py |  uploading 03_ Terrapin Station.mp3:  53%|█████▎    | 9/17 [00:04<00:05,  1.40MiB/s]
2026-09-26 18:59:13  WARNING    upload_to_archive.py |  uploading 03_ Terrapin Station.mp3:  59%|█████▉    | 10/17 [00:04<00:04,  1.56MiB/s]
2026-09-26 18:59:13  WARNING    upload_to_archive.py |  uploading 03_ Terrapin Station.mp3:  65%|██████▍   | 11/17 [00:04<00:03,  1.67MiB/s]
2026-09-26 18:59:13  WARNING    upload_to_archive.py |  uploading 03_ Terrapin Station.mp3:  71%|███████   | 12/17 [00:05<00:02,  1.77MiB/s]
2026-09-26 18:59:13  WARNING    upload_to_archive.py |  uploading 03_ Terrapin Station.mp3:  76%|███████▋  | 13/17 [00:05<00:02,  1.85MiB/s]
2026-09-26 18:59:13  WARNING    upload_to_archive.py |  uploading 03_ Terrapin Station.mp3:  82%|████████▏ | 14/17 [00:06<00:01,  1.80MiB/s]
2026-09-26 18:59:13  WARNING    upload_to_archive.py |  uploading 03_ Terrapin Station.mp3:  88%|████████▊ | 15/17 [00:07<00:01,  1.73MiB/s]
2026-09-26 18:59:13  WARNING    upload_to_archive.py |  uploading 03_ Terrapin Station.mp3:  94%|█████████▍| 16/17 [00:07<00:00,  1.74MiB/s]
2026-09-26 18:59:13  WARNING    upload_to_archive.py |  uploading 03_ Terrapin Station.mp3: 100%|██████████| 17/17 [00:07<00:00,  2.20MiB/s]
2026-09-26 18:59:13  WARNING    upload_to_archive.py |  uploading 03_ Terrapin Station.mp3: 100%|██████████| 17/17 [00:07<00:00,  2.17MiB/s]
2026-09-26 18:59:13  WARNING    upload_to_archive.py | 
2026-09-26 18:59:13  WARNING    upload_to_archive.py |  uploading 04_ Atlantic City _ I Know You Rider.mp3:   0%|          | 0/22 [00:00<?, ?MiB/s]
2026-09-26 18:59:13  WARNING    upload_to_archive.py |  uploading 04_ Atlantic City _ I Know You Rider.mp3:   5%|▍         | 1/22 [00:00<00:15,  1.38MiB/s]
2026-09-26 18:59:13  WARNING    upload_to_archive.py |  uploading 04_ Atlantic City _ I Know You Rider.mp3:  18%|█▊        | 4/22 [00:00<00:03,  5.57MiB/s]
2026-09-26 18:59:13  WARNING    upload_to_archive.py |  uploading 04_ Atlantic City _ I Know You Rider.mp3:  27%|██▋       | 6/22 [00:01<00:02,  7.01MiB/s]
2026-09-26 18:59:13  WARNING    upload_to_archive.py |  uploading 04_ Atlantic City _ I Know You Rider.mp3:  36%|███▋      | 8/22 [00:01<00:02,  5.79MiB/s]
2026-09-26 18:59:13  WARNING    upload_to_archive.py |  uploading 04_ Atlantic City _ I Know You Rider.mp3:  41%|████      | 9/22 [00:01<00:02,  5.14MiB/s]
2026-09-26 18:59:13  WARNING    upload_to_archive.py |  uploading 04_ Atlantic City _ I Know You Rider.mp3:  45%|████▌     | 10/22 [00:02<00:02,  4.21MiB/s]
2026-09-26 18:59:13  WARNING    upload_to_archive.py |  uploading 04_ Atlantic City _ I Know You Rider.mp3:  50%|█████     | 11/22 [00:02<00:03,  2.77MiB/s]
2026-09-26 18:59:13  WARNING    upload_to_archive.py |  uploading 04_ Atlantic City _ I Know You Rider.mp3:  55%|█████▍    | 12/22 [00:03<00:03,  2.96MiB/s]
2026-09-26 18:59:13  WARNING    upload_to_archive.py |  uploading 04_ Atlantic City _ I Know You Rider.mp3:  59%|█████▉    | 13/22 [00:03<00:02,  3.15MiB/s]
2026-09-26 18:59:13  WARNING    upload_to_archive.py |  uploading 04_ Atlantic City _ I Know You Rider.mp3:  64%|██████▎   | 14/22 [00:03<00:02,  3.35MiB/s]
2026-09-26 18:59:13  WARNING    upload_to_archive.py |  uploading 04_ Atlantic City _ I Know You Rider.mp3:  68%|██████▊   | 15/22 [00:03<00:02,  3.36MiB/s]
2026-09-26 18:59:13  WARNING    upload_to_archive.py |  uploading 04_ Atlantic City _ I Know You Rider.mp3:  73%|███████▎  | 16/22 [00:04<00:01,  3.16MiB/s]
2026-09-26 18:59:13  WARNING    upload_to_archive.py |  uploading 04_ Atlantic City _ I Know You Rider.mp3:  77%|███████▋  | 17/22 [00:04<00:01,  3.00MiB/s]
2026-09-26 18:59:13  WARNING    upload_to_archive.py |  uploading 04_ Atlantic City _ I Know You Rider.mp3:  82%|████████▏ | 18/22 [00:05<00:01,  2.98MiB/s]
2026-09-26 18:59:13  WARNING    upload_to_archive.py |  uploading 04_ Atlantic City _ I Know You Rider.mp3:  86%|████████▋ | 19/22 [00:05<00:01,  2.97MiB/s]
2026-09-26 18:59:13  WARNING    upload_to_archive.py |  uploading 04_ Atlantic City _ I Know You Rider.mp3:  91%|█████████ | 20/22 [00:05<00:00,  2.99MiB/s]
2026-09-26 18:59:13  WARNING    upload_to_archive.py |  uploading 04_ Atlantic City _ I Know You Rider.mp3:  95%|█████████▌| 21/22 [00:06<00:00,  3.02MiB/s]
2026-09-26 18:59:13  WARNING    upload_to_archive.py |  uploading 04_ Atlantic City _ I Know You Rider.mp3: 100%|██████████| 22/22 [00:06<00:00,  3.59MiB/s]
2026-09-26 18:59:13  WARNING    upload_to_archive.py |  uploading 04_ Atlantic City _ I Know You Rider.mp3: 100%|██████████| 22/22 [00:06<00:00,  3.55MiB/s]
2026-09-26 18:59:13  WARNING    upload_to_archive.py | 
2026-09-26 18:59:13  WARNING    upload_to_archive.py |  uploading 05_ Ramble On Rose.mp3:   0%|          | 0/12 [00:00<?, ?MiB/s]
2026-09-26 18:59:13  WARNING    upload_to_archive.py |  uploading 05_ Ramble On Rose.mp3:   8%|▊         | 1/12 [00:00<00:07,  1.41MiB/s]
2026-09-26 18:59:13  WARNING    upload_to_archive.py |  uploading 05_ Ramble On Rose.mp3:  25%|██▌       | 3/12 [00:00<00:02,  4.40MiB/s]
2026-09-26 18:59:13  WARNING    upload_to_archive.py |  uploading 05_ Ramble On Rose.mp3:  58%|█████▊    | 7/12 [00:01<00:00,  9.39MiB/s]
2026-09-26 18:59:13  WARNING    upload_to_archive.py |  uploading 05_ Ramble On Rose.mp3:  75%|███████▌  | 9/12 [00:01<00:00,  9.92MiB/s]
2026-09-26 18:59:13  WARNING    upload_to_archive.py |  uploading 05_ Ramble On Rose.mp3:  92%|█████████▏| 11/12 [00:01<00:00,  9.30MiB/s]
2026-09-26 18:59:13  WARNING    upload_to_archive.py |  uploading 05_ Ramble On Rose.mp3: 100%|██████████| 12/12 [00:02<00:00,  4.91MiB/s]
2026-09-26 18:59:13  INFO     [3/6] Analyzing data...
2026-09-26 18:59:14  INFO       analyze.py | song_stats.csv created!
2026-09-26 18:59:14  INFO     [4/6] Building metadata...
2026-09-26 18:59:15  INFO       build_metadata.py | song_metadata.csv updated!
2026-09-26 18:59:15  INFO     [5/6] Adding share links...
2026-09-26 18:59:23  INFO       generate_share_links.py | Found 1 folders to generate share links for.
2026-09-26 18:59:23  INFO       generate_share_links.py |   Processing: LoveDeep/Audio Recordings/Jam Session Recordings 2021-/2026/2026-09-26 _ Jam Session
2026-09-26 18:59:23  INFO       generate_share_links.py |     ✓ https://1drv.ms/f/c/436f797b4dd480a3/IgBkoToG68GpSZr4oMqjLLJ0AV7HWlcJt9_KBRt3QTg5gJk
2026-09-26 18:59:23  INFO       generate_share_links.py | 
2026-09-26 18:59:23  INFO       generate_share_links.py | Done. 1 share links written to band_archive.csv.
2026-09-26 18:59:23  INFO     [6/6] Checking for changes...
2026-09-26 18:59:24  INFO     Changes detected. Committing...
2026-09-26 18:59:25  INFO     Pushing to GitHub...
2026-09-26 18:59:28  INFO     Done! Streamlit Cloud will redeploy automatically in a minute or two.
2026-09-26 18:59:28  INFO     Pipeline finished successfully.
2026-10-03 08:03:21  INFO     ==================================================
2026-10-03 08:03:21  INFO       DankApp Database Update
2026-10-03 08:03:21  INFO     ==================================================
2026-10-03 08:03:21  INFO     Working directory: C:\Users\Administrator\OneDrive\LoveDeep\danktuary-archive-clean
2026-10-03 08:03:21  INFO     [1/6] Scanning files to update band_archive.csv...
2026-10-03 08:03:29  INFO       scanner.py | Let's a-gooooo!
2026-10-03 08:03:29  INFO       scanner.py | Found extra column(s) in band_archive.csv added by another script: ['OneDrive Share URL']. Preserving them.
2026-10-03 08:03:29  INFO       scanner.py | Loaded 6535 existing row(s); 5060 file(s) already catalogued and will be skipped.
2026-10-03 08:03:29  INFO       scanner.py | New folder detected: 'C:\Users\Administrator\OneDrive\LoveDeep\Audio Recordings\Jam Session Recordings 2021-\2026\2026-09-29 _ Jam Session'
2026-10-03 08:03:29  INFO       scanner.py | New file detected: 'C:\Users\Administrator\OneDrive\LoveDeep\Audio Recordings\Jam Session Recordings 2021-\2026\2026-09-29 _ Jam Session\01_ Me And My Uncle _ Big River _ Catfish John _ Franklin's Tower _ Dancin.mp3'
2026-10-03 08:03:29  INFO       scanner.py | New file detected: 'C:\Users\Administrator\OneDrive\LoveDeep\Audio Recordings\Jam Session Recordings 2021-\2026\2026-09-29 _ Jam Session\02_ I Second That Emotion.mp3'
2026-10-03 08:03:29  INFO       scanner.py | New file detected: 'C:\Users\Administrator\OneDrive\LoveDeep\Audio Recordings\Jam Session Recordings 2021-\2026\2026-09-29 _ Jam Session\03_ The Way You Do The Things You Do.mp3'
2026-10-03 08:03:29  INFO       scanner.py | New file detected: 'C:\Users\Administrator\OneDrive\LoveDeep\Audio Recordings\Jam Session Recordings 2021-\2026\2026-09-29 _ Jam Session\04_ Truckin.mp3'
2026-10-03 08:03:29  INFO       scanner.py | New file detected: 'C:\Users\Administrator\OneDrive\LoveDeep\Audio Recordings\Jam Session Recordings 2021-\2026\2026-09-29 _ Jam Session\05_ Jack-A-Roe.mp3'
2026-10-03 08:03:29  INFO       scanner.py | New file detected: 'C:\Users\Administrator\OneDrive\LoveDeep\Audio Recordings\Jam Session Recordings 2021-\2026\2026-09-29 _ Jam Session\06_ They Love Each Other _ I Know You Rider.mp3'
2026-10-03 08:03:29  INFO       scanner.py | New file detected: 'C:\Users\Administrator\OneDrive\LoveDeep\Audio Recordings\Jam Session Recordings 2021-\2026\2026-09-29 _ Jam Session\07_ Across The Great Divide.mp3'
2026-10-03 08:03:29  INFO       scanner.py | New folder detected: 'C:\Users\Administrator\OneDrive\LoveDeep\Audio Recordings\Jam Session Recordings 2021-\2026\2026-10-02 _ Jam Session'
2026-10-03 08:03:29  INFO       scanner.py | New file detected: 'C:\Users\Administrator\OneDrive\LoveDeep\Audio Recordings\Jam Session Recordings 2021-\2026\2026-10-02 _ Jam Session\01_ I Know You Rider.mp3'
2026-10-03 08:03:29  INFO       scanner.py | New file detected: 'C:\Users\Administrator\OneDrive\LoveDeep\Audio Recordings\Jam Session Recordings 2021-\2026\2026-10-02 _ Jam Session\02_ The Music Never Stopped.mp3'
2026-10-03 08:03:29  INFO       scanner.py | Added 14 new row(s), removed 0 row(s), flagged 0 row(s) as missing. CSV now has 6549 total row(s).
2026-10-03 08:03:29  WARNING    scanner.py | 2026-10-03 08:03:26.722 Thread 'MainThread': missing ScriptRunContext! This warning can be ignored when running in bare mode.
2026-10-03 08:03:29  WARNING    scanner.py | 2026-10-03 08:03:28.102 No runtime found, using MemoryCacheStorageManager
2026-10-03 08:03:29  WARNING    scanner.py | 2026-10-03 08:03:28.120 No runtime found, using MemoryCacheStorageManager
2026-10-03 08:03:29  WARNING    scanner.py | 2026-10-03 08:03:28.120 No runtime found, using MemoryCacheStorageManager
2026-10-03 08:03:29  WARNING    scanner.py | 2026-10-03 08:03:28.120 No runtime found, using MemoryCacheStorageManager
2026-10-03 08:03:29  INFO     [2/6] Uploading new recordings to the Internet Archive...
2026-10-03 08:07:12  INFO       upload_to_archive.py | 2026-09-29 — Danktuary Studios
2026-10-03 08:07:12  INFO       upload_to_archive.py |   deadweight-2026-09-29-danktuary-studios: 0 file(s) already confirmed, uploading 7 file(s)...
2026-10-03 08:07:12  INFO       upload_to_archive.py | 2026-10-02 — Danktuary Studios
2026-10-03 08:07:12  INFO       upload_to_archive.py |   deadweight-2026-10-02-danktuary-studios: 0 file(s) already confirmed, uploading 2 file(s)...
2026-10-03 08:07:12  INFO       upload_to_archive.py | Done. band_archive.csv updated with IA URLs.
2026-10-03 08:07:12  WARNING    upload_to_archive.py | 
2026-10-03 08:07:12  WARNING    upload_to_archive.py |  uploading 01_ Me And My Uncle _ Big River _ Catfish John _ Franklin's Tower _ Dancin.mp3:   0%|          | 0/42 [00:00<?, ?MiB/s]
2026-10-03 08:07:12  WARNING    upload_to_archive.py |  uploading 01_ Me And My Uncle _ Big River _ Catfish John _ Franklin's Tower _ Dancin.mp3:   2%|▏         | 1/42 [00:00<00:35,  1.16MiB/s]
2026-10-03 08:07:12  WARNING    upload_to_archive.py |  uploading 01_ Me And My Uncle _ Big River _ Catfish John _ Franklin's Tower _ Dancin.mp3:   7%|▋         | 3/42 [00:01<00:11,  3.48MiB/s]
2026-10-03 08:07:12  WARNING    upload_to_archive.py |  uploading 01_ Me And My Uncle _ Big River _ Catfish John _ Franklin's Tower _ Dancin.mp3:  12%|█▏        | 5/42 [00:01<00:08,  4.61MiB/s]
2026-10-03 08:07:12  WARNING    upload_to_archive.py |  uploading 01_ Me And My Uncle _ Big River _ Catfish John _ Franklin's Tower _ Dancin.mp3:  14%|█▍        | 6/42 [00:01<00:07,  4.58MiB/s]
2026-10-03 08:07:12  WARNING    upload_to_archive.py |  uploading 01_ Me And My Uncle _ Big River _ Catfish John _ Franklin's Tower _ Dancin.mp3:  17%|█▋        | 7/42 [00:01<00:07,  4.66MiB/s]
2026-10-03 08:07:12  WARNING    upload_to_archive.py |  uploading 01_ Me And My Uncle _ Big River _ Catfish John _ Franklin's Tower _ Dancin.mp3:  19%|█▉        | 8/42 [00:02<00:08,  3.95MiB/s]
2026-10-03 08:07:12  WARNING    upload_to_archive.py |  uploading 01_ Me And My Uncle _ Big River _ Catfish John _ Franklin's Tower _ Dancin.mp3:  21%|██▏       | 9/42 [00:02<00:09,  3.39MiB/s]
2026-10-03 08:07:12  WARNING    upload_to_archive.py |  uploading 01_ Me And My Uncle _ Big River _ Catfish John _ Franklin's Tower _ Dancin.mp3:  24%|██▍       | 10/42 [00:02<00:10,  3.04MiB/s]
2026-10-03 08:07:12  WARNING    upload_to_archive.py |  uploading 01_ Me And My Uncle _ Big River _ Catfish John _ Franklin's Tower _ Dancin.mp3:  26%|██▌       | 11/42 [00:03<00:11,  2.81MiB/s]
2026-10-03 08:07:12  WARNING    upload_to_archive.py |  uploading 01_ Me And My Uncle _ Big River _ Catfish John _ Franklin's Tower _ Dancin.mp3:  29%|██▊       | 12/42 [00:03<00:10,  2.74MiB/s]
2026-10-03 08:07:12  WARNING    upload_to_archive.py |  uploading 01_ Me And My Uncle _ Big River _ Catfish John _ Franklin's Tower _ Dancin.mp3:  31%|███       | 13/42 [00:03<00:09,  2.98MiB/s]
2026-10-03 08:07:12  WARNING    upload_to_archive.py |  uploading 01_ Me And My Uncle _ Big River _ Catfish John _ Franklin's Tower _ Dancin.mp3:  33%|███▎      | 14/42 [00:04<00:08,  3.17MiB/s]
2026-10-03 08:07:12  WARNING    upload_to_archive.py |  uploading 01_ Me And My Uncle _ Big River _ Catfish John _ Franklin's Tower _ Dancin.mp3:  36%|███▌      | 15/42 [00:04<00:08,  3.31MiB/s]
2026-10-03 08:07:12  WARNING    upload_to_archive.py |  uploading 01_ Me And My Uncle _ Big River _ Catfish John _ Franklin's Tower _ Dancin.mp3:  38%|███▊      | 16/42 [00:04<00:07,  3.47MiB/s]
2026-10-03 08:07:12  WARNING    upload_to_archive.py |  uploading 01_ Me And My Uncle _ Big River _ Catfish John _ Franklin's Tower _ Dancin.mp3:  40%|████      | 17/42 [00:05<00:06,  3.60MiB/s]
2026-10-03 08:07:12  WARNING    upload_to_archive.py |  uploading 01_ Me And My Uncle _ Big River _ Catfish John _ Franklin's Tower _ Dancin.mp3:  43%|████▎     | 18/42 [00:05<00:06,  3.76MiB/s]
2026-10-03 08:07:12  WARNING    upload_to_archive.py |  uploading 01_ Me And My Uncle _ Big River _ Catfish John _ Franklin's Tower _ Dancin.mp3:  45%|████▌     | 19/42 [00:05<00:06,  3.74MiB/s]
2026-10-03 08:07:12  WARNING    upload_to_archive.py |  uploading 01_ Me And My Uncle _ Big River _ Catfish John _ Franklin's Tower _ Dancin.mp3:  48%|████▊     | 20/42 [00:05<00:05,  3.80MiB/s]
2026-10-03 08:07:12  WARNING    upload_to_archive.py |  uploading 01_ Me And My Uncle _ Big River _ Catfish John _ Franklin's Tower _ Dancin.mp3:  50%|█████     | 21/42 [00:06<00:05,  3.92MiB/s]
2026-10-03 08:07:12  WARNING    upload_to_archive.py |  uploading 01_ Me And My Uncle _ Big River _ Catfish John _ Franklin's Tower _ Dancin.mp3:  52%|█████▏    | 22/42 [00:06<00:05,  4.00MiB/s]
2026-10-03 08:07:12  WARNING    upload_to_archive.py |  uploading 01_ Me And My Uncle _ Big River _ Catfish John _ Franklin's Tower _ Dancin.mp3:  55%|█████▍    | 23/42 [00:06<00:04,  3.98MiB/s]
2026-10-03 08:07:12  WARNING    upload_to_archive.py |  uploading 01_ Me And My Uncle _ Big River _ Catfish John _ Franklin's Tower _ Dancin.mp3:  57%|█████▋    | 24/42 [00:06<00:04,  4.05MiB/s]
2026-10-03 08:07:12  WARNING    upload_to_archive.py |  uploading 01_ Me And My Uncle _ Big River _ Catfish John _ Franklin's Tower _ Dancin.mp3:  60%|█████▉    | 25/42 [00:07<00:04,  4.01MiB/s]
2026-10-03 08:07:12  WARNING    upload_to_archive.py |  uploading 01_ Me And My Uncle _ Big River _ Catfish John _ Franklin's Tower _ Dancin.mp3:  62%|██████▏   | 26/42 [00:07<00:03,  4.07MiB/s]
2026-10-03 08:07:12  WARNING    upload_to_archive.py |  uploading 01_ Me And My Uncle _ Big River _ Catfish John _ Franklin's Tower _ Dancin.mp3:  64%|██████▍   | 27/42 [00:07<00:03,  4.11MiB/s]
2026-10-03 08:07:12  WARNING    upload_to_archive.py |  uploading 01_ Me And My Uncle _ Big River _ Catfish John _ Franklin's Tower _ Dancin.mp3:  67%|██████▋   | 28/42 [00:07<00:03,  4.06MiB/s]
2026-10-03 08:07:12  WARNING    upload_to_archive.py |  uploading 01_ Me And My Uncle _ Big River _ Catfish John _ Franklin's Tower _ Dancin.mp3:  69%|██████▉   | 29/42 [00:08<00:03,  4.02MiB/s]
2026-10-03 08:07:12  WARNING    upload_to_archive.py |  uploading 01_ Me And My Uncle _ Big River _ Catfish John _ Franklin's Tower _ Dancin.mp3:  71%|███████▏  | 30/42 [00:08<00:03,  3.87MiB/s]
2026-10-03 08:07:12  WARNING    upload_to_archive.py |  uploading 01_ Me And My Uncle _ Big River _ Catfish John _ Franklin's Tower _ Dancin.mp3:  74%|███████▍  | 31/42 [00:08<00:02,  3.96MiB/s]
2026-10-03 08:07:12  WARNING    upload_to_archive.py |  uploading 01_ Me And My Uncle _ Big River _ Catfish John _ Franklin's Tower _ Dancin.mp3:  76%|███████▌  | 32/42 [00:08<00:02,  4.03MiB/s]
2026-10-03 08:07:12  WARNING    upload_to_archive.py |  uploading 01_ Me And My Uncle _ Big River _ Catfish John _ Franklin's Tower _ Dancin.mp3:  79%|███████▊  | 33/42 [00:09<00:02,  3.94MiB/s]
2026-10-03 08:07:12  WARNING    upload_to_archive.py |  uploading 01_ Me And My Uncle _ Big River _ Catfish John _ Franklin's Tower _ Dancin.mp3:  81%|████████  | 34/42 [00:09<00:01,  4.08MiB/s]
2026-10-03 08:07:12  WARNING    upload_to_archive.py |  uploading 01_ Me And My Uncle _ Big River _ Catfish John _ Franklin's Tower _ Dancin.mp3:  83%|████████▎ | 35/42 [00:09<00:01,  4.04MiB/s]
2026-10-03 08:07:12  WARNING    upload_to_archive.py |  uploading 01_ Me And My Uncle _ Big River _ Catfish John _ Franklin's Tower _ Dancin.mp3:  86%|████████▌ | 36/42 [00:09<00:01,  4.17MiB/s]
2026-10-03 08:07:12  WARNING    upload_to_archive.py |  uploading 01_ Me And My Uncle _ Big River _ Catfish John _ Franklin's Tower _ Dancin.mp3:  88%|████████▊ | 37/42 [00:09<00:01,  4.15MiB/s]
2026-10-03 08:07:12  WARNING    upload_to_archive.py |  uploading 01_ Me And My Uncle _ Big River _ Catfish John _ Franklin's Tower _ Dancin.mp3:  90%|█████████ | 38/42 [00:10<00:00,  4.27MiB/s]
2026-10-03 08:07:12  WARNING    upload_to_archive.py |  uploading 01_ Me And My Uncle _ Big River _ Catfish John _ Franklin's Tower _ Dancin.mp3:  93%|█████████▎| 39/42 [00:10<00:00,  4.35MiB/s]
2026-10-03 08:07:12  WARNING    upload_to_archive.py |  uploading 01_ Me And My Uncle _ Big River _ Catfish John _ Franklin's Tower _ Dancin.mp3:  95%|█████████▌| 40/42 [00:10<00:00,  4.39MiB/s]
2026-10-03 08:07:12  WARNING    upload_to_archive.py |  uploading 01_ Me And My Uncle _ Big River _ Catfish John _ Franklin's Tower _ Dancin.mp3:  98%|█████████▊| 41/42 [00:10<00:00,  4.41MiB/s]
2026-10-03 08:07:12  WARNING    upload_to_archive.py |  uploading 01_ Me And My Uncle _ Big River _ Catfish John _ Franklin's Tower _ Dancin.mp3: 100%|██████████| 42/42 [00:10<00:00,  3.86MiB/s]
2026-10-03 08:07:12  WARNING    upload_to_archive.py | 
2026-10-03 08:07:12  WARNING    upload_to_archive.py |  uploading 02_ I Second That Emotion.mp3:   0%|          | 0/10 [00:00<?, ?MiB/s]
2026-10-03 08:07:12  WARNING    upload_to_archive.py |  uploading 02_ I Second That Emotion.mp3:  10%|█         | 1/10 [00:00<00:07,  1.25MiB/s]
2026-10-03 08:07:12  WARNING    upload_to_archive.py |  uploading 02_ I Second That Emotion.mp3:  30%|███       | 3/10 [00:00<00:01,  4.03MiB/s]
2026-10-03 08:07:12  WARNING    upload_to_archive.py |  uploading 02_ I Second That Emotion.mp3:  50%|█████     | 5/10 [00:03<00:04,  1.23MiB/s]
2026-10-03 08:07:12  WARNING    upload_to_archive.py |  uploading 02_ I Second That Emotion.mp3:  60%|██████    | 6/10 [00:03<00:02,  1.53MiB/s]
2026-10-03 08:07:12  WARNING    upload_to_archive.py |  uploading 02_ I Second That Emotion.mp3:  70%|███████   | 7/10 [00:04<00:01,  1.87MiB/s]
2026-10-03 08:07:12  WARNING    upload_to_archive.py |  uploading 02_ I Second That Emotion.mp3:  80%|████████  | 8/10 [00:04<00:00,  2.29MiB/s]
2026-10-03 08:07:12  WARNING    upload_to_archive.py |  uploading 02_ I Second That Emotion.mp3:  90%|█████████ | 9/10 [00:04<00:00,  2.70MiB/s]
2026-10-03 08:07:12  WARNING    upload_to_archive.py |  uploading 02_ I Second That Emotion.mp3: 100%|██████████| 10/10 [00:04<00:00,  2.22MiB/s]
2026-10-03 08:07:12  WARNING    upload_to_archive.py | 
2026-10-03 08:07:12  WARNING    upload_to_archive.py |  uploading 03_ The Way You Do The Things You Do.mp3:   0%|          | 0/9 [00:00<?, ?MiB/s]
2026-10-03 08:07:12  WARNING    upload_to_archive.py |  uploading 03_ The Way You Do The Things You Do.mp3:  11%|█         | 1/9 [00:00<00:05,  1.40MiB/s]
2026-10-03 08:07:12  WARNING    upload_to_archive.py |  uploading 03_ The Way You Do The Things You Do.mp3:  33%|███▎      | 3/9 [00:00<00:01,  4.42MiB/s]
2026-10-03 08:07:12  WARNING    upload_to_archive.py |  uploading 03_ The Way You Do The Things You Do.mp3:  78%|███████▊  | 7/9 [00:01<00:00,  9.30MiB/s]
2026-10-03 08:07:12  WARNING    upload_to_archive.py |  uploading 03_ The Way You Do The Things You Do.mp3: 100%|██████████| 9/9 [00:01<00:00,  8.47MiB/s]
2026-10-03 08:07:12  WARNING    upload_to_archive.py | 
2026-10-03 08:07:12  WARNING    upload_to_archive.py |  uploading 04_ Truckin.mp3:   0%|          | 0/13 [00:00<?, ?MiB/s]
2026-10-03 08:07:12  WARNING    upload_to_archive.py |  uploading 04_ Truckin.mp3:   8%|▊         | 1/13 [00:00<00:08,  1.39MiB/s]
2026-10-03 08:07:12  WARNING    upload_to_archive.py |  uploading 04_ Truckin.mp3:  23%|██▎       | 3/13 [00:00<00:02,  4.08MiB/s]
2026-10-03 08:07:12  WARNING    upload_to_archive.py |  uploading 04_ Truckin.mp3:  54%|█████▍    | 7/13 [00:00<00:00, 10.27MiB/s]
2026-10-03 08:07:12  WARNING    upload_to_archive.py |  uploading 04_ Truckin.mp3:  77%|███████▋  | 10/13 [00:01<00:00, 12.25MiB/s]
2026-10-03 08:07:12  WARNING    upload_to_archive.py |  uploading 04_ Truckin.mp3:  92%|█████████▏| 12/13 [00:01<00:00, 10.67MiB/s]
2026-10-03 08:07:12  WARNING    upload_to_archive.py |  uploading 04_ Truckin.mp3: 100%|██████████| 13/13 [00:01<00:00,  9.19MiB/s]
2026-10-03 08:07:12  WARNING    upload_to_archive.py | 
2026-10-03 08:07:12  WARNING    upload_to_archive.py |  uploading 05_ Jack-A-Roe.mp3:   0%|          | 0/6 [00:00<?, ?MiB/s]
2026-10-03 08:07:12  WARNING    upload_to_archive.py |  uploading 05_ Jack-A-Roe.mp3:  17%|█▋        | 1/6 [00:00<00:03,  1.40MiB/s]
2026-10-03 08:07:12  WARNING    upload_to_archive.py |  uploading 05_ Jack-A-Roe.mp3:  50%|█████     | 3/6 [00:00<00:00,  4.30MiB/s]
2026-10-03 08:07:12  WARNING    upload_to_archive.py |  uploading 05_ Jack-A-Roe.mp3:  67%|██████▋   | 4/6 [00:00<00:00,  4.96MiB/s]
2026-10-03 08:07:12  WARNING    upload_to_archive.py |  uploading 05_ Jack-A-Roe.mp3:  83%|████████▎ | 5/6 [00:01<00:00,  5.18MiB/s]
2026-10-03 08:07:12  WARNING    upload_to_archive.py |  uploading 05_ Jack-A-Roe.mp3: 100%|██████████| 6/6 [00:01<00:00,  4.90MiB/s]
2026-10-03 08:07:12  WARNING    upload_to_archive.py | 
2026-10-03 08:07:12  WARNING    upload_to_archive.py |  uploading 06_ They Love Each Other _ I Know You Rider.mp3:   0%|          | 0/24 [00:00<?, ?MiB/s]
2026-10-03 08:07:12  WARNING    upload_to_archive.py |  uploading 06_ They Love Each Other _ I Know You Rider.mp3:   4%|▍         | 1/24 [00:00<00:18,  1.23MiB/s]
2026-10-03 08:07:12  WARNING    upload_to_archive.py |  uploading 06_ They Love Each Other _ I Know You Rider.mp3:   8%|▊         | 2/24 [00:01<00:10,  2.15MiB/s]
2026-10-03 08:07:12  WARNING    upload_to_archive.py |  uploading 06_ They Love Each Other _ I Know You Rider.mp3:  12%|█▎        | 3/24 [00:01<00:07,  2.71MiB/s]
2026-10-03 08:07:12  WARNING    upload_to_archive.py |  uploading 06_ They Love Each Other _ I Know You Rider.mp3:  17%|█▋        | 4/24 [00:01<00:06,  2.92MiB/s]
2026-10-03 08:07:12  WARNING    upload_to_archive.py |  uploading 06_ They Love Each Other _ I Know You Rider.mp3:  21%|██        | 5/24 [00:01<00:06,  2.81MiB/s]
2026-10-03 08:07:12  WARNING    upload_to_archive.py |  uploading 06_ They Love Each Other _ I Know You Rider.mp3:  25%|██▌       | 6/24 [00:02<00:06,  2.78MiB/s]
2026-10-03 08:07:12  WARNING    upload_to_archive.py |  uploading 06_ They Love Each Other _ I Know You Rider.mp3:  29%|██▉       | 7/24 [00:02<00:07,  2.38MiB/s]
2026-10-03 08:07:12  WARNING    upload_to_archive.py |  uploading 06_ They Love Each Other _ I Know You Rider.mp3:  33%|███▎      | 8/24 [00:03<00:07,  2.20MiB/s]
2026-10-03 08:07:12  WARNING    upload_to_archive.py |  uploading 06_ They Love Each Other _ I Know You Rider.mp3:  38%|███▊      | 9/24 [00:03<00:06,  2.43MiB/s]
2026-10-03 08:07:12  WARNING    upload_to_archive.py |  uploading 06_ They Love Each Other _ I Know You Rider.mp3:  42%|████▏     | 10/24 [00:04<00:05,  2.61MiB/s]
2026-10-03 08:07:12  WARNING    upload_to_archive.py |  uploading 06_ They Love Each Other _ I Know You Rider.mp3:  46%|████▌     | 11/24 [00:04<00:04,  2.79MiB/s]
2026-10-03 08:07:12  WARNING    upload_to_archive.py |  uploading 06_ They Love Each Other _ I Know You Rider.mp3:  50%|█████     | 12/24 [00:04<00:04,  2.97MiB/s]
2026-10-03 08:07:12  WARNING    upload_to_archive.py |  uploading 06_ They Love Each Other _ I Know You Rider.mp3:  54%|█████▍    | 13/24 [00:04<00:03,  3.07MiB/s]
2026-10-03 08:07:12  WARNING    upload_to_archive.py |  uploading 06_ They Love Each Other _ I Know You Rider.mp3:  58%|█████▊    | 14/24 [00:05<00:03,  3.23MiB/s]
2026-10-03 08:07:12  WARNING    upload_to_archive.py |  uploading 06_ They Love Each Other _ I Know You Rider.mp3:  62%|██████▎   | 15/24 [00:05<00:03,  2.98MiB/s]
2026-10-03 08:07:12  WARNING    upload_to_archive.py |  uploading 06_ They Love Each Other _ I Know You Rider.mp3:  67%|██████▋   | 16/24 [00:06<00:02,  2.79MiB/s]
2026-10-03 08:07:12  WARNING    upload_to_archive.py |  uploading 06_ They Love Each Other _ I Know You Rider.mp3:  71%|███████   | 17/24 [00:06<00:02,  2.70MiB/s]
2026-10-03 08:07:12  WARNING    upload_to_archive.py |  uploading 06_ They Love Each Other _ I Know You Rider.mp3:  75%|███████▌  | 18/24 [00:06<00:02,  2.71MiB/s]
2026-10-03 08:07:12  WARNING    upload_to_archive.py |  uploading 06_ They Love Each Other _ I Know You Rider.mp3:  79%|███████▉  | 19/24 [00:07<00:01,  2.64MiB/s]
2026-10-03 08:07:12  WARNING    upload_to_archive.py |  uploading 06_ They Love Each Other _ I Know You Rider.mp3:  83%|████████▎ | 20/24 [00:07<00:01,  2.49MiB/s]
2026-10-03 08:07:12  WARNING    upload_to_archive.py |  uploading 06_ They Love Each Other _ I Know You Rider.mp3:  88%|████████▊ | 21/24 [00:08<00:01,  2.33MiB/s]
2026-10-03 08:07:12  WARNING    upload_to_archive.py |  uploading 06_ They Love Each Other _ I Know You Rider.mp3:  92%|█████████▏| 22/24 [00:08<00:00,  2.23MiB/s]
2026-10-03 08:07:12  WARNING    upload_to_archive.py |  uploading 06_ They Love Each Other _ I Know You Rider.mp3:  96%|█████████▌| 23/24 [00:09<00:00,  2.19MiB/s]
2026-10-03 08:07:12  WARNING    upload_to_archive.py |  uploading 06_ They Love Each Other _ I Know You Rider.mp3: 100%|██████████| 24/24 [00:09<00:00,  2.63MiB/s]
2026-10-03 08:07:12  WARNING    upload_to_archive.py | 
2026-10-03 08:07:12  WARNING    upload_to_archive.py |  uploading 07_ Across The Great Divide.mp3:   0%|          | 0/8 [00:00<?, ?MiB/s]
2026-10-03 08:07:12  WARNING    upload_to_archive.py |  uploading 07_ Across The Great Divide.mp3:  12%|█▎        | 1/8 [00:00<00:05,  1.25MiB/s]
2026-10-03 08:07:12  WARNING    upload_to_archive.py |  uploading 07_ Across The Great Divide.mp3:  50%|█████     | 4/8 [00:00<00:00,  5.11MiB/s]
2026-10-03 08:07:12  WARNING    upload_to_archive.py |  uploading 07_ Across The Great Divide.mp3: 100%|██████████| 8/8 [00:01<00:00,  9.76MiB/s]
2026-10-03 08:07:12  WARNING    upload_to_archive.py |  uploading 07_ Across The Great Divide.mp3: 100%|██████████| 8/8 [00:01<00:00,  7.07MiB/s]
2026-10-03 08:07:12  WARNING    upload_to_archive.py | 
2026-10-03 08:07:12  WARNING    upload_to_archive.py |  uploading 01_ I Know You Rider.mp3:   0%|          | 0/10 [00:00<?, ?MiB/s]
2026-10-03 08:07:12  WARNING    upload_to_archive.py |  uploading 01_ I Know You Rider.mp3:  10%|█         | 1/10 [00:00<00:06,  1.30MiB/s]
2026-10-03 08:07:12  WARNING    upload_to_archive.py |  uploading 01_ I Know You Rider.mp3:  20%|██        | 2/10 [00:00<00:03,  2.62MiB/s]
2026-10-03 08:07:12  WARNING    upload_to_archive.py |  uploading 01_ I Know You Rider.mp3:  30%|███       | 3/10 [00:01<00:02,  3.23MiB/s]
2026-10-03 08:07:12  WARNING    upload_to_archive.py |  uploading 01_ I Know You Rider.mp3:  40%|████      | 4/10 [00:03<00:06,  1.04s/MiB]
2026-10-03 08:07:12  WARNING    upload_to_archive.py |  uploading 01_ I Know You Rider.mp3:  50%|█████     | 5/10 [00:03<00:03,  1.43MiB/s]
2026-10-03 08:07:12  WARNING    upload_to_archive.py |  uploading 01_ I Know You Rider.mp3:  60%|██████    | 6/10 [00:03<00:01,  2.01MiB/s]
2026-10-03 08:07:12  WARNING    upload_to_archive.py |  uploading 01_ I Know You Rider.mp3:  70%|███████   | 7/10 [00:03<00:01,  2.49MiB/s]
2026-10-03 08:07:12  WARNING    upload_to_archive.py |  uploading 01_ I Know You Rider.mp3:  80%|████████  | 8/10 [00:03<00:00,  2.85MiB/s]
2026-10-03 08:07:12  WARNING    upload_to_archive.py |  uploading 01_ I Know You Rider.mp3:  90%|█████████ | 9/10 [00:04<00:00,  3.13MiB/s]
2026-10-03 08:07:12  WARNING    upload_to_archive.py |  uploading 01_ I Know You Rider.mp3: 100%|██████████| 10/10 [00:04<00:00,  3.95MiB/s]
2026-10-03 08:07:12  WARNING    upload_to_archive.py |  uploading 01_ I Know You Rider.mp3: 100%|██████████| 10/10 [00:04<00:00,  2.35MiB/s]
2026-10-03 08:07:12  WARNING    upload_to_archive.py | 
2026-10-03 08:07:12  WARNING    upload_to_archive.py |  uploading 02_ The Music Never Stopped.mp3:   0%|          | 0/8 [00:00<?, ?MiB/s]
2026-10-03 08:07:12  WARNING    upload_to_archive.py |  uploading 02_ The Music Never Stopped.mp3:  12%|█▎        | 1/8 [00:00<00:05,  1.38MiB/s]
2026-10-03 08:07:12  WARNING    upload_to_archive.py |  uploading 02_ The Music Never Stopped.mp3:  50%|█████     | 4/8 [00:00<00:00,  5.41MiB/s]
2026-10-03 08:07:12  WARNING    upload_to_archive.py |  uploading 02_ The Music Never Stopped.mp3:  75%|███████▌  | 6/8 [00:01<00:00,  4.65MiB/s]
2026-10-03 08:07:12  WARNING    upload_to_archive.py |  uploading 02_ The Music Never Stopped.mp3:  88%|████████▊ | 7/8 [00:01<00:00,  4.70MiB/s]
2026-10-03 08:07:12  WARNING    upload_to_archive.py |  uploading 02_ The Music Never Stopped.mp3: 100%|██████████| 8/8 [00:01<00:00,  4.65MiB/s]
2026-10-03 08:07:12  WARNING    upload_to_archive.py |  uploading 02_ The Music Never Stopped.mp3: 100%|██████████| 8/8 [00:01<00:00,  4.31MiB/s]
2026-10-03 08:07:12  INFO     [3/6] Analyzing data...
2026-10-03 08:07:14  INFO       analyze.py | song_stats.csv created!
2026-10-03 08:07:14  INFO     [4/6] Building metadata...
2026-10-03 08:07:15  INFO       build_metadata.py | song_metadata.csv updated!
2026-10-03 08:07:15  INFO     [5/6] Adding share links...
2026-10-03 08:07:27  INFO       generate_share_links.py | Found 2 folders to generate share links for.
2026-10-03 08:07:27  INFO       generate_share_links.py |   Processing: LoveDeep/Audio Recordings/Jam Session Recordings 2021-/2026/2026-09-29 _ Jam Session
2026-10-03 08:07:27  INFO       generate_share_links.py |     ✓ https://1drv.ms/f/c/436f797b4dd480a3/IgBmBs90JrVzT5qGGL7RYXg5AYioLzAWUKWQ9sT0jyRxrDM
2026-10-03 08:07:27  INFO       generate_share_links.py |   Processing: LoveDeep/Audio Recordings/Jam Session Recordings 2021-/2026/2026-10-02 _ Jam Session
2026-10-03 08:07:27  INFO       generate_share_links.py |     ✓ https://1drv.ms/f/c/436f797b4dd480a3/IgAzBxOuaEvoRIF9Egn8YUcHAX-ZN4ozezRMs6GPkmFj5oE
2026-10-03 08:07:27  INFO       generate_share_links.py | 
2026-10-03 08:07:27  INFO       generate_share_links.py | Done. 2 share links written to band_archive.csv.
2026-10-03 08:07:27  INFO     [6/6] Checking for changes...
2026-10-03 08:07:29  INFO     Changes detected. Committing...
2026-10-03 08:07:29  INFO     Pushing to GitHub...
2026-10-03 08:07:32  INFO     Done! Streamlit Cloud will redeploy automatically in a minute or two.
2026-10-03 08:07:32  INFO     Pipeline finished successfully.
2026-10-03 21:55:38  INFO     ==================================================
2026-10-03 21:55:38  INFO       DankApp Database Update
2026-10-03 21:55:38  INFO     ==================================================
2026-10-03 21:55:38  INFO     Working directory: C:\Users\Administrator\OneDrive\LoveDeep\danktuary-archive-clean
2026-10-03 21:55:38  INFO     [1/7] Scanning files to update band_archive.csv...
2026-10-03 21:55:42  INFO       scanner.py | 2026-10-03 21:55:42.087 Thread 'MainThread': missing ScriptRunContext! This warning can be ignored when running in bare mode.
2026-10-03 21:55:43  INFO       scanner.py | 2026-10-03 21:55:43.245 No runtime found, using MemoryCacheStorageManager
2026-10-03 21:55:43  INFO       scanner.py | 2026-10-03 21:55:43.245 No runtime found, using MemoryCacheStorageManager
2026-10-03 21:55:43  INFO       scanner.py | 2026-10-03 21:55:43.245 No runtime found, using MemoryCacheStorageManager
2026-10-03 21:55:43  INFO       scanner.py | 2026-10-03 21:55:43.245 No runtime found, using MemoryCacheStorageManager
2026-10-03 21:55:44  INFO       scanner.py | Let's a-gooooo!
2026-10-03 21:55:44  INFO       scanner.py | Found extra column(s) in band_archive.csv added by another script: ['OneDrive Share URL']. Preserving them.
2026-10-03 21:55:44  INFO       scanner.py | Loaded 6549 existing row(s); 5069 file(s) already catalogued and will be skipped.
2026-10-03 21:55:44  INFO       scanner.py | Added 0 new row(s), removed 0 row(s), flagged 0 row(s) as missing. CSV now has 6549 total row(s).
2026-10-03 21:55:44  INFO     [2/7] Checking what needs uploading to the Internet Archive...
2026-10-03 21:55:46  INFO       upload_to_archive.py | Wrote upload plan: 0 show(s), 0 file(s) to upload.
2026-10-03 21:55:46  INFO     Nothing new to upload.
2026-10-03 21:55:46  INFO     [3/7] Analyzing data...
2026-10-03 21:55:47  INFO       analyze.py | song_stats.csv created!
2026-10-03 21:55:47  INFO     [4/7] Building metadata...
2026-10-03 21:55:48  INFO       build_metadata.py | song_metadata.csv updated!
2026-10-03 21:55:48  INFO     [5/7] Checking for songs with no artist on file...
2026-10-03 21:55:48  INFO     8 song(s) have no artist on file.
2026-10-03 21:56:56  INFO     Filled in 8 of 8 artist name(s).
2026-10-03 21:56:56  INFO     [6/7] Adding share links...
2026-10-03 21:56:57  INFO       generate_share_links.py | No new folders to process.
2026-10-03 21:56:58  INFO     [7/7] Checking for changes...
2026-10-03 21:56:58  INFO     Changes detected. Committing...
2026-10-03 21:56:59  INFO     Pushing to GitHub...
2026-10-03 21:57:02  INFO     Done! Streamlit Cloud will redeploy automatically in a minute or two.
2026-10-03 21:57:02  INFO     Pipeline finished successfully.
2026-10-08 07:46:30  INFO     ==================================================
2026-10-08 07:46:30  INFO       DankApp Database Update
2026-10-08 07:46:30  INFO     ==================================================
2026-10-08 07:46:30  INFO     Working directory: C:\Users\Administrator\OneDrive\LoveDeep\danktuary-archive-clean
2026-10-08 07:46:30  INFO     [1/7] Scanning files to update band_archive.csv...
2026-10-08 07:46:40  INFO       scanner.py | Let's a-gooooo!
2026-10-08 07:46:40  INFO       scanner.py | Found extra column(s) in band_archive.csv added by another script: ['OneDrive Share URL']. Preserving them.
2026-10-08 07:46:40  INFO       scanner.py | Loaded 6549 existing row(s); 5069 file(s) already catalogued and will be skipped.
2026-10-08 07:46:40  INFO       scanner.py | New folder detected: 'C:\Users\Administrator\OneDrive\LoveDeep\Audio Recordings\Jam Session Recordings 2021-\2026\2026-10-07 _ Jam Session'
2026-10-08 07:46:40  INFO       scanner.py | New file detected: 'C:\Users\Administrator\OneDrive\LoveDeep\Audio Recordings\Jam Session Recordings 2021-\2026\2026-10-07 _ Jam Session\01_ Bertha _ Muncle.mp3'
2026-10-08 07:46:40  INFO       scanner.py | New file detected: 'C:\Users\Administrator\OneDrive\LoveDeep\Audio Recordings\Jam Session Recordings 2021-\2026\2026-10-07 _ Jam Session\02_ Loser.mp3'
2026-10-08 07:46:40  INFO       scanner.py | New file detected: 'C:\Users\Administrator\OneDrive\LoveDeep\Audio Recordings\Jam Session Recordings 2021-\2026\2026-10-07 _ Jam Session\03_ Black Throated Wind _ Scarlet Begonias.mp3'
2026-10-08 07:46:40  INFO       scanner.py | New file detected: 'C:\Users\Administrator\OneDrive\LoveDeep\Audio Recordings\Jam Session Recordings 2021-\2026\2026-10-07 _ Jam Session\04_ It Must Have Been The Roses _ Jack Straw _ Tennessee Jed.mp3'
2026-10-08 07:46:40  INFO       scanner.py | New file detected: 'C:\Users\Administrator\OneDrive\LoveDeep\Audio Recordings\Jam Session Recordings 2021-\2026\2026-10-07 _ Jam Session\05_ Mexicali Blues _ Deal _ Big River _ Brown Eyed Women.mp3'
2026-10-08 07:46:40  INFO       scanner.py | New file detected: 'C:\Users\Administrator\OneDrive\LoveDeep\Audio Recordings\Jam Session Recordings 2021-\2026\2026-10-07 _ Jam Session\06_ Playin In The Band.mp3'
2026-10-08 07:46:40  INFO       scanner.py | Added 13 new row(s), removed 0 row(s), flagged 0 row(s) as missing. CSV now has 6562 total row(s).
2026-10-08 07:46:40  INFO     [2/7] Checking what needs uploading to the Internet Archive...
2026-10-08 07:46:45  INFO       upload_to_archive.py | Wrote upload plan: 1 show(s), 6 file(s) to upload.
2026-10-08 07:46:45  INFO     6 file(s) across 1 show(s) are ready to upload.
2026-10-08 07:47:07  INFO     Uploading...
2026-10-08 07:47:11  INFO       upload_to_archive.py | 2026-10-07 — Danktuary Studios
2026-10-08 07:47:11  INFO       upload_to_archive.py |   deadweight-2026-10-07-danktuary-studios: 0 file(s) already confirmed, uploading 6 file(s)...
2026-10-08 07:47:11  INFO       upload_to_archive.py | 
2026-10-08 07:47:12  INFO       upload_to_archive.py |  uploading 01_ Bertha _ Muncle.mp3:   0%|          | 0/20 [00:00<?, ?MiB/s]
2026-10-08 07:47:13  INFO       upload_to_archive.py |  uploading 01_ Bertha _ Muncle.mp3:   5%|▌         | 1/20 [00:00<00:16,  1.17MiB/s]
2026-10-08 07:47:13  INFO       upload_to_archive.py |  uploading 01_ Bertha _ Muncle.mp3:  10%|█         | 2/20 [00:01<00:11,  1.52MiB/s]
2026-10-08 07:47:14  INFO       upload_to_archive.py |  uploading 01_ Bertha _ Muncle.mp3:  15%|█▌        | 3/20 [00:01<00:10,  1.67MiB/s]
2026-10-08 07:47:15  INFO       upload_to_archive.py |  uploading 01_ Bertha _ Muncle.mp3:  20%|██        | 4/20 [00:02<00:09,  1.60MiB/s]
2026-10-08 07:47:16  INFO       upload_to_archive.py |  uploading 01_ Bertha _ Muncle.mp3:  25%|██▌       | 5/20 [00:03<00:10,  1.42MiB/s]
2026-10-08 07:47:16  INFO       upload_to_archive.py |  uploading 01_ Bertha _ Muncle.mp3:  30%|███       | 6/20 [00:04<00:09,  1.45MiB/s]
2026-10-08 07:47:17  INFO       upload_to_archive.py |  uploading 01_ Bertha _ Muncle.mp3:  35%|███▌      | 7/20 [00:04<00:08,  1.50MiB/s]
2026-10-08 07:47:17  INFO       upload_to_archive.py |  uploading 01_ Bertha _ Muncle.mp3:  40%|████      | 8/20 [00:05<00:07,  1.54MiB/s]
2026-10-08 07:47:18  INFO       upload_to_archive.py |  uploading 01_ Bertha _ Muncle.mp3:  45%|████▌     | 9/20 [00:05<00:06,  1.60MiB/s]
2026-10-08 07:47:19  INFO       upload_to_archive.py |  uploading 01_ Bertha _ Muncle.mp3:  50%|█████     | 10/20 [00:06<00:06,  1.66MiB/s]
2026-10-08 07:47:20  INFO       upload_to_archive.py |  uploading 01_ Bertha _ Muncle.mp3:  55%|█████▌    | 11/20 [00:07<00:05,  1.55MiB/s]
2026-10-08 07:47:21  INFO       upload_to_archive.py |  uploading 01_ Bertha _ Muncle.mp3:  60%|██████    | 12/20 [00:08<00:05,  1.34MiB/s]
2026-10-08 07:47:22  INFO       upload_to_archive.py |  uploading 01_ Bertha _ Muncle.mp3:  65%|██████▌   | 13/20 [00:09<00:05,  1.22MiB/s]
2026-10-08 07:47:23  INFO       upload_to_archive.py |  uploading 01_ Bertha _ Muncle.mp3:  70%|███████   | 14/20 [00:10<00:05,  1.11MiB/s]
2026-10-08 07:47:24  INFO       upload_to_archive.py |  uploading 01_ Bertha _ Muncle.mp3:  75%|███████▌  | 15/20 [00:11<00:04,  1.05MiB/s]
2026-10-08 07:47:25  INFO       upload_to_archive.py |  uploading 01_ Bertha _ Muncle.mp3:  80%|████████  | 16/20 [00:12<00:04,  1.03s/MiB]
2026-10-08 07:47:26  INFO       upload_to_archive.py |  uploading 01_ Bertha _ Muncle.mp3:  85%|████████▌ | 17/20 [00:13<00:03,  1.02s/MiB]
2026-10-08 07:47:27  INFO       upload_to_archive.py |  uploading 01_ Bertha _ Muncle.mp3:  90%|█████████ | 18/20 [00:14<00:01,  1.04MiB/s]
2026-10-08 07:47:27  INFO       upload_to_archive.py |  uploading 01_ Bertha _ Muncle.mp3:  95%|█████████▌| 19/20 [00:15<00:00,  1.04MiB/s]
2026-10-08 07:47:27  INFO       upload_to_archive.py |  uploading 01_ Bertha _ Muncle.mp3: 100%|██████████| 20/20 [00:15<00:00,  1.23MiB/s]
2026-10-08 07:47:27  INFO       upload_to_archive.py |  uploading 01_ Bertha _ Muncle.mp3: 100%|██████████| 20/20 [00:15<00:00,  1.27MiB/s]
2026-10-08 07:47:50  INFO       upload_to_archive.py | 
2026-10-08 07:47:50  INFO       upload_to_archive.py |  uploading 02_ Loser.mp3:   0%|          | 0/9 [00:00<?, ?MiB/s]
2026-10-08 07:47:51  INFO       upload_to_archive.py |  uploading 02_ Loser.mp3:  11%|█         | 1/9 [00:00<00:06,  1.30MiB/s]
2026-10-08 07:47:51  INFO       upload_to_archive.py |  uploading 02_ Loser.mp3:  33%|███▎      | 3/9 [00:00<00:01,  4.23MiB/s]
2026-10-08 07:47:51  INFO       upload_to_archive.py |  uploading 02_ Loser.mp3:  56%|█████▌    | 5/9 [00:01<00:00,  4.39MiB/s]
2026-10-08 07:47:51  INFO       upload_to_archive.py |  uploading 02_ Loser.mp3:  67%|██████▋   | 6/9 [00:01<00:00,  4.67MiB/s]
2026-10-08 07:47:52  INFO       upload_to_archive.py |  uploading 02_ Loser.mp3:  78%|███████▊  | 7/9 [00:01<00:00,  5.04MiB/s]
2026-10-08 07:47:52  INFO       upload_to_archive.py |  uploading 02_ Loser.mp3:  89%|████████▉ | 8/9 [00:02<00:00,  3.86MiB/s]
2026-10-08 07:47:52  INFO       upload_to_archive.py |  uploading 02_ Loser.mp3: 100%|██████████| 9/9 [00:02<00:00,  3.18MiB/s]
2026-10-08 07:47:52  INFO       upload_to_archive.py |  uploading 02_ Loser.mp3: 100%|██████████| 9/9 [00:02<00:00,  3.59MiB/s]
2026-10-08 07:47:55  INFO       upload_to_archive.py | 
2026-10-08 07:47:55  INFO       upload_to_archive.py |  uploading 03_ Black Throated Wind _ Scarlet Begonias.mp3:   0%|          | 0/23 [00:00<?, ?MiB/s]
2026-10-08 07:47:55  INFO       upload_to_archive.py |  uploading 03_ Black Throated Wind _ Scarlet Begonias.mp3:   4%|▍         | 1/23 [00:00<00:16,  1.30MiB/s]
2026-10-08 07:47:56  INFO       upload_to_archive.py |  uploading 03_ Black Throated Wind _ Scarlet Begonias.mp3:   9%|▊         | 2/23 [00:00<00:08,  2.62MiB/s]
2026-10-08 07:47:56  INFO       upload_to_archive.py |  uploading 03_ Black Throated Wind _ Scarlet Begonias.mp3:  13%|█▎        | 3/23 [00:01<00:05,  3.57MiB/s]
2026-10-08 07:47:59  INFO       upload_to_archive.py |  uploading 03_ Black Throated Wind _ Scarlet Begonias.mp3:  17%|█▋        | 4/23 [00:01<00:04,  4.08MiB/s]
2026-10-08 07:47:59  INFO       upload_to_archive.py |  uploading 03_ Black Throated Wind _ Scarlet Begonias.mp3:  22%|██▏       | 5/23 [00:04<00:22,  1.23s/MiB]
2026-10-08 07:47:59  INFO       upload_to_archive.py |  uploading 03_ Black Throated Wind _ Scarlet Begonias.mp3:  26%|██▌       | 6/23 [00:04<00:16,  1.06MiB/s]
2026-10-08 07:48:00  INFO       upload_to_archive.py |  uploading 03_ Black Throated Wind _ Scarlet Begonias.mp3:  30%|███       | 7/23 [00:04<00:11,  1.33MiB/s]
2026-10-08 07:48:00  INFO       upload_to_archive.py |  uploading 03_ Black Throated Wind _ Scarlet Begonias.mp3:  35%|███▍      | 8/23 [00:05<00:09,  1.58MiB/s]
2026-10-08 07:48:01  INFO       upload_to_archive.py |  uploading 03_ Black Throated Wind _ Scarlet Begonias.mp3:  39%|███▉      | 9/23 [00:05<00:08,  1.73MiB/s]
2026-10-08 07:48:01  INFO       upload_to_archive.py |  uploading 03_ Black Throated Wind _ Scarlet Begonias.mp3:  43%|████▎     | 10/23 [00:06<00:07,  1.79MiB/s]
2026-10-08 07:48:02  INFO       upload_to_archive.py |  uploading 03_ Black Throated Wind _ Scarlet Begonias.mp3:  48%|████▊     | 11/23 [00:06<00:06,  1.86MiB/s]
2026-10-08 07:48:03  INFO       upload_to_archive.py |  uploading 03_ Black Throated Wind _ Scarlet Begonias.mp3:  52%|█████▏    | 12/23 [00:07<00:06,  1.74MiB/s]
2026-10-08 07:48:05  INFO       upload_to_archive.py |  uploading 03_ Black Throated Wind _ Scarlet Begonias.mp3:  57%|█████▋    | 13/23 [00:08<00:08,  1.22MiB/s]
2026-10-08 07:48:07  INFO       upload_to_archive.py |  uploading 03_ Black Throated Wind _ Scarlet Begonias.mp3:  61%|██████    | 14/23 [00:10<00:09,  1.07s/MiB]
2026-10-08 07:48:09  INFO       upload_to_archive.py |  uploading 03_ Black Throated Wind _ Scarlet Begonias.mp3:  65%|██████▌   | 15/23 [00:12<00:10,  1.32s/MiB]
2026-10-08 07:48:11  INFO       upload_to_archive.py |  uploading 03_ Black Throated Wind _ Scarlet Begonias.mp3:  70%|██████▉   | 16/23 [00:14<00:10,  1.50s/MiB]
2026-10-08 07:48:14  INFO       upload_to_archive.py |  uploading 03_ Black Throated Wind _ Scarlet Begonias.mp3:  74%|███████▍  | 17/23 [00:16<00:10,  1.81s/MiB]
2026-10-08 07:48:16  INFO       upload_to_archive.py |  uploading 03_ Black Throated Wind _ Scarlet Begonias.mp3:  78%|███████▊  | 18/23 [00:19<00:10,  2.15s/MiB]
2026-10-08 07:48:18  INFO       upload_to_archive.py |  uploading 03_ Black Throated Wind _ Scarlet Begonias.mp3:  83%|████████▎ | 19/23 [00:21<00:08,  2.14s/MiB]
2026-10-08 07:48:19  INFO       upload_to_archive.py |  uploading 03_ Black Throated Wind _ Scarlet Begonias.mp3:  87%|████████▋ | 20/23 [00:22<00:05,  1.83s/MiB]
2026-10-08 07:48:20  INFO       upload_to_archive.py |  uploading 03_ Black Throated Wind _ Scarlet Begonias.mp3:  91%|█████████▏| 21/23 [00:24<00:03,  1.63s/MiB]
2026-10-08 07:48:20  INFO       upload_to_archive.py |  uploading 03_ Black Throated Wind _ Scarlet Begonias.mp3:  96%|█████████▌| 22/23 [00:25<00:01,  1.45s/MiB]
2026-10-08 07:48:20  INFO       upload_to_archive.py |  uploading 03_ Black Throated Wind _ Scarlet Begonias.mp3: 100%|██████████| 23/23 [00:25<00:00,  1.12s/MiB]
2026-10-08 07:48:20  INFO       upload_to_archive.py |  uploading 03_ Black Throated Wind _ Scarlet Begonias.mp3: 100%|██████████| 23/23 [00:25<00:00,  1.11s/MiB]
2026-10-08 07:48:22  INFO       upload_to_archive.py | 
2026-10-08 07:48:23  INFO       upload_to_archive.py |  uploading 04_ It Must Have Been The Roses _ Jack Straw _ Tennessee Jed.mp3:   0%|          | 0/32 [00:00<?, ?MiB/s]
2026-10-08 07:48:23  INFO       upload_to_archive.py |  uploading 04_ It Must Have Been The Roses _ Jack Straw _ Tennessee Jed.mp3:   3%|▎         | 1/32 [00:00<00:24,  1.25MiB/s]
2026-10-08 07:48:23  INFO       upload_to_archive.py |  uploading 04_ It Must Have Been The Roses _ Jack Straw _ Tennessee Jed.mp3:   9%|▉         | 3/32 [00:00<00:07,  3.93MiB/s]
2026-10-08 07:48:23  INFO       upload_to_archive.py |  uploading 04_ It Must Have Been The Roses _ Jack Straw _ Tennessee Jed.mp3:  22%|██▏       | 7/32 [00:01<00:02,  8.72MiB/s]
2026-10-08 07:48:23  INFO       upload_to_archive.py |  uploading 04_ It Must Have Been The Roses _ Jack Straw _ Tennessee Jed.mp3:  31%|███▏      | 10/32 [00:01<00:02,  9.63MiB/s]
2026-10-08 07:48:24  INFO       upload_to_archive.py |  uploading 04_ It Must Have Been The Roses _ Jack Straw _ Tennessee Jed.mp3:  38%|███▊      | 12/32 [00:01<00:02,  9.64MiB/s]
2026-10-08 07:48:24  INFO       upload_to_archive.py |  uploading 04_ It Must Have Been The Roses _ Jack Straw _ Tennessee Jed.mp3:  44%|████▍     | 14/32 [00:02<00:02,  7.45MiB/s]
2026-10-08 07:48:24  INFO       upload_to_archive.py |  uploading 04_ It Must Have Been The Roses _ Jack Straw _ Tennessee Jed.mp3:  47%|████▋     | 15/32 [00:02<00:02,  6.60MiB/s]
2026-10-08 07:48:25  INFO       upload_to_archive.py |  uploading 04_ It Must Have Been The Roses _ Jack Straw _ Tennessee Jed.mp3:  50%|█████     | 16/32 [00:02<00:02,  5.42MiB/s]
2026-10-08 07:48:25  INFO       upload_to_archive.py |  uploading 04_ It Must Have Been The Roses _ Jack Straw _ Tennessee Jed.mp3:  53%|█████▎    | 17/32 [00:02<00:03,  4.53MiB/s]
2026-10-08 07:48:25  INFO       upload_to_archive.py |  uploading 04_ It Must Have Been The Roses _ Jack Straw _ Tennessee Jed.mp3:  56%|█████▋    | 18/32 [00:03<00:03,  4.03MiB/s]
2026-10-08 07:48:26  INFO       upload_to_archive.py |  uploading 04_ It Must Have Been The Roses _ Jack Straw _ Tennessee Jed.mp3:  59%|█████▉    | 19/32 [00:03<00:03,  3.70MiB/s]
2026-10-08 07:48:26  INFO       upload_to_archive.py |  uploading 04_ It Must Have Been The Roses _ Jack Straw _ Tennessee Jed.mp3:  62%|██████▎   | 20/32 [00:03<00:03,  3.58MiB/s]
2026-10-08 07:48:27  INFO       upload_to_archive.py |  uploading 04_ It Must Have Been The Roses _ Jack Straw _ Tennessee Jed.mp3:  66%|██████▌   | 21/32 [00:04<00:04,  2.70MiB/s]
2026-10-08 07:48:28  INFO       upload_to_archive.py |  uploading 04_ It Must Have Been The Roses _ Jack Straw _ Tennessee Jed.mp3:  69%|██████▉   | 22/32 [00:05<00:04,  2.27MiB/s]
2026-10-08 07:48:29  INFO       upload_to_archive.py |  uploading 04_ It Must Have Been The Roses _ Jack Straw _ Tennessee Jed.mp3:  72%|███████▏  | 23/32 [00:05<00:04,  1.86MiB/s]
2026-10-08 07:48:31  INFO       upload_to_archive.py |  uploading 04_ It Must Have Been The Roses _ Jack Straw _ Tennessee Jed.mp3:  75%|███████▌  | 24/32 [00:07<00:05,  1.34MiB/s]
2026-10-08 07:48:32  INFO       upload_to_archive.py |  uploading 04_ It Must Have Been The Roses _ Jack Straw _ Tennessee Jed.mp3:  78%|███████▊  | 25/32 [00:08<00:06,  1.03MiB/s]
2026-10-08 07:48:34  INFO       upload_to_archive.py |  uploading 04_ It Must Have Been The Roses _ Jack Straw _ Tennessee Jed.mp3:  81%|████████▏ | 26/32 [00:10<00:06,  1.16s/MiB]
2026-10-08 07:48:38  INFO       upload_to_archive.py |  uploading 04_ It Must Have Been The Roses _ Jack Straw _ Tennessee Jed.mp3:  84%|████████▍ | 27/32 [00:12<00:06,  1.40s/MiB]
2026-10-08 07:48:39  INFO       upload_to_archive.py |  uploading 04_ It Must Have Been The Roses _ Jack Straw _ Tennessee Jed.mp3:  88%|████████▊ | 28/32 [00:15<00:08,  2.01s/MiB]
2026-10-08 07:48:40  INFO       upload_to_archive.py |  uploading 04_ It Must Have Been The Roses _ Jack Straw _ Tennessee Jed.mp3:  91%|█████████ | 29/32 [00:17<00:05,  1.89s/MiB]
2026-10-08 07:48:42  INFO       upload_to_archive.py |  uploading 04_ It Must Have Been The Roses _ Jack Straw _ Tennessee Jed.mp3:  94%|█████████▍| 30/32 [00:18<00:03,  1.72s/MiB]
2026-10-08 07:48:42  INFO       upload_to_archive.py |  uploading 04_ It Must Have Been The Roses _ Jack Straw _ Tennessee Jed.mp3:  97%|█████████▋| 31/32 [00:19<00:01,  1.55s/MiB]
2026-10-08 07:48:42  INFO       upload_to_archive.py |  uploading 04_ It Must Have Been The Roses _ Jack Straw _ Tennessee Jed.mp3: 100%|██████████| 32/32 [00:20<00:00,  1.17s/MiB]
2026-10-08 07:48:42  INFO       upload_to_archive.py |  uploading 04_ It Must Have Been The Roses _ Jack Straw _ Tennessee Jed.mp3: 100%|██████████| 32/32 [00:20<00:00,  1.60MiB/s]
2026-10-08 07:48:47  INFO       upload_to_archive.py | 
2026-10-08 07:48:50  INFO       upload_to_archive.py |  uploading 05_ Mexicali Blues _ Deal _ Big River _ Brown Eyed Women.mp3:   0%|          | 0/26 [00:00<?, ?MiB/s]
2026-10-08 07:48:52  INFO       upload_to_archive.py |  uploading 05_ Mexicali Blues _ Deal _ Big River _ Brown Eyed Women.mp3:   4%|▍         | 1/26 [00:03<01:18,  3.14s/MiB]
2026-10-08 07:48:53  INFO       upload_to_archive.py |  uploading 05_ Mexicali Blues _ Deal _ Big River _ Brown Eyed Women.mp3:   8%|▊         | 2/26 [00:04<00:55,  2.30s/MiB]
2026-10-08 07:48:55  INFO       upload_to_archive.py |  uploading 05_ Mexicali Blues _ Deal _ Big River _ Brown Eyed Women.mp3:  12%|█▏        | 3/26 [00:06<00:45,  1.96s/MiB]
2026-10-08 07:48:56  INFO       upload_to_archive.py |  uploading 05_ Mexicali Blues _ Deal _ Big River _ Brown Eyed Women.mp3:  15%|█▌        | 4/26 [00:07<00:37,  1.72s/MiB]
2026-10-08 07:48:57  INFO       upload_to_archive.py |  uploading 05_ Mexicali Blues _ Deal _ Big River _ Brown Eyed Women.mp3:  19%|█▉        | 5/26 [00:09<00:34,  1.64s/MiB]
2026-10-08 07:48:59  INFO       upload_to_archive.py |  uploading 05_ Mexicali Blues _ Deal _ Big River _ Brown Eyed Women.mp3:  23%|██▎       | 6/26 [00:10<00:30,  1.52s/MiB]
2026-10-08 07:49:00  INFO       upload_to_archive.py |  uploading 05_ Mexicali Blues _ Deal _ Big River _ Brown Eyed Women.mp3:  27%|██▋       | 7/26 [00:11<00:27,  1.47s/MiB]
2026-10-08 07:49:01  INFO       upload_to_archive.py |  uploading 05_ Mexicali Blues _ Deal _ Big River _ Brown Eyed Women.mp3:  31%|███       | 8/26 [00:13<00:25,  1.41s/MiB]
2026-10-08 07:49:02  INFO       upload_to_archive.py |  uploading 05_ Mexicali Blues _ Deal _ Big River _ Brown Eyed Women.mp3:  35%|███▍      | 9/26 [00:14<00:23,  1.36s/MiB]
2026-10-08 07:49:03  INFO       upload_to_archive.py |  uploading 05_ Mexicali Blues _ Deal _ Big River _ Brown Eyed Women.mp3:  38%|███▊      | 10/26 [00:15<00:20,  1.29s/MiB]
2026-10-08 07:49:04  INFO       upload_to_archive.py |  uploading 05_ Mexicali Blues _ Deal _ Big River _ Brown Eyed Women.mp3:  42%|████▏     | 11/26 [00:16<00:17,  1.18s/MiB]
2026-10-08 07:49:05  INFO       upload_to_archive.py |  uploading 05_ Mexicali Blues _ Deal _ Big River _ Brown Eyed Women.mp3:  46%|████▌     | 12/26 [00:17<00:14,  1.04s/MiB]
2026-10-08 07:49:05  INFO       upload_to_archive.py |  uploading 05_ Mexicali Blues _ Deal _ Big River _ Brown Eyed Women.mp3:  50%|█████     | 13/26 [00:17<00:12,  1.08MiB/s]
2026-10-08 07:49:06  INFO       upload_to_archive.py |  uploading 05_ Mexicali Blues _ Deal _ Big River _ Brown Eyed Women.mp3:  54%|█████▍    | 14/26 [00:18<00:10,  1.13MiB/s]
2026-10-08 07:49:07  INFO       upload_to_archive.py |  uploading 05_ Mexicali Blues _ Deal _ Big River _ Brown Eyed Women.mp3:  58%|█████▊    | 15/26 [00:19<00:09,  1.20MiB/s]
2026-10-08 07:49:10  INFO       upload_to_archive.py |  uploading 05_ Mexicali Blues _ Deal _ Big River _ Brown Eyed Women.mp3:  62%|██████▏   | 16/26 [00:20<00:09,  1.10MiB/s]
2026-10-08 07:49:12  INFO       upload_to_archive.py |  uploading 05_ Mexicali Blues _ Deal _ Big River _ Brown Eyed Women.mp3:  65%|██████▌   | 17/26 [00:22<00:12,  1.38s/MiB]
2026-10-08 07:49:13  INFO       upload_to_archive.py |  uploading 05_ Mexicali Blues _ Deal _ Big River _ Brown Eyed Women.mp3:  69%|██████▉   | 18/26 [00:25<00:12,  1.62s/MiB]
2026-10-08 07:49:14  INFO       upload_to_archive.py |  uploading 05_ Mexicali Blues _ Deal _ Big River _ Brown Eyed Women.mp3:  73%|███████▎  | 19/26 [00:26<00:10,  1.54s/MiB]
2026-10-08 07:49:16  INFO       upload_to_archive.py |  uploading 05_ Mexicali Blues _ Deal _ Big River _ Brown Eyed Women.mp3:  77%|███████▋  | 20/26 [00:27<00:08,  1.43s/MiB]
2026-10-08 07:49:18  INFO       upload_to_archive.py |  uploading 05_ Mexicali Blues _ Deal _ Big River _ Brown Eyed Women.mp3:  81%|████████  | 21/26 [00:29<00:07,  1.46s/MiB]
2026-10-08 07:49:19  INFO       upload_to_archive.py |  uploading 05_ Mexicali Blues _ Deal _ Big River _ Brown Eyed Women.mp3:  85%|████████▍ | 22/26 [00:30<00:06,  1.50s/MiB]
2026-10-08 07:49:20  INFO       upload_to_archive.py |  uploading 05_ Mexicali Blues _ Deal _ Big River _ Brown Eyed Women.mp3:  88%|████████▊ | 23/26 [00:32<00:04,  1.54s/MiB]
2026-10-08 07:49:22  INFO       upload_to_archive.py |  uploading 05_ Mexicali Blues _ Deal _ Big River _ Brown Eyed Women.mp3:  92%|█████████▏| 24/26 [00:33<00:02,  1.47s/MiB]
2026-10-08 07:49:22  INFO       upload_to_archive.py |  uploading 05_ Mexicali Blues _ Deal _ Big River _ Brown Eyed Women.mp3:  96%|█████████▌| 25/26 [00:35<00:01,  1.43s/MiB]
2026-10-08 07:49:22  INFO       upload_to_archive.py |  uploading 05_ Mexicali Blues _ Deal _ Big River _ Brown Eyed Women.mp3: 100%|██████████| 26/26 [00:35<00:00,  1.18s/MiB]
2026-10-08 07:49:22  INFO       upload_to_archive.py |  uploading 05_ Mexicali Blues _ Deal _ Big River _ Brown Eyed Women.mp3: 100%|██████████| 26/26 [00:35<00:00,  1.37s/MiB]
2026-10-08 07:49:24  INFO       upload_to_archive.py | 
2026-10-08 07:49:24  INFO       upload_to_archive.py |  uploading 06_ Playin In The Band.mp3:   0%|          | 0/18 [00:00<?, ?MiB/s]
2026-10-08 07:49:25  INFO       upload_to_archive.py |  uploading 06_ Playin In The Band.mp3:   6%|▌         | 1/18 [00:00<00:14,  1.17MiB/s]
2026-10-08 07:49:25  INFO       upload_to_archive.py |  uploading 06_ Playin In The Band.mp3:  11%|█         | 2/18 [00:01<00:08,  1.89MiB/s]
2026-10-08 07:49:26  INFO       upload_to_archive.py |  uploading 06_ Playin In The Band.mp3:  17%|█▋        | 3/18 [00:01<00:06,  2.20MiB/s]
2026-10-08 07:49:26  INFO       upload_to_archive.py |  uploading 06_ Playin In The Band.mp3:  22%|██▏       | 4/18 [00:01<00:06,  2.31MiB/s]
2026-10-08 07:49:27  INFO       upload_to_archive.py |  uploading 06_ Playin In The Band.mp3:  28%|██▊       | 5/18 [00:02<00:07,  1.85MiB/s]
2026-10-08 07:49:28  INFO       upload_to_archive.py |  uploading 06_ Playin In The Band.mp3:  33%|███▎      | 6/18 [00:03<00:07,  1.67MiB/s]
2026-10-08 07:49:28  INFO       upload_to_archive.py |  uploading 06_ Playin In The Band.mp3:  39%|███▉      | 7/18 [00:04<00:06,  1.60MiB/s]
2026-10-08 07:49:29  INFO       upload_to_archive.py |  uploading 06_ Playin In The Band.mp3:  44%|████▍     | 8/18 [00:04<00:06,  1.60MiB/s]
2026-10-08 07:49:30  INFO       upload_to_archive.py |  uploading 06_ Playin In The Band.mp3:  50%|█████     | 9/18 [00:05<00:06,  1.43MiB/s]
2026-10-08 07:49:31  INFO       upload_to_archive.py |  uploading 06_ Playin In The Band.mp3:  56%|█████▌    | 10/18 [00:06<00:05,  1.36MiB/s]
2026-10-08 07:49:32  INFO       upload_to_archive.py |  uploading 06_ Playin In The Band.mp3:  61%|██████    | 11/18 [00:07<00:05,  1.20MiB/s]
2026-10-08 07:49:33  INFO       upload_to_archive.py |  uploading 06_ Playin In The Band.mp3:  67%|██████▋   | 12/18 [00:08<00:05,  1.03MiB/s]
2026-10-08 07:49:35  INFO       upload_to_archive.py |  uploading 06_ Playin In The Band.mp3:  72%|███████▏  | 13/18 [00:09<00:05,  1.01s/MiB]
2026-10-08 07:49:37  INFO       upload_to_archive.py |  uploading 06_ Playin In The Band.mp3:  78%|███████▊  | 14/18 [00:11<00:04,  1.20s/MiB]
2026-10-08 07:49:38  INFO       upload_to_archive.py |  uploading 06_ Playin In The Band.mp3:  83%|████████▎ | 15/18 [00:13<00:04,  1.35s/MiB]
2026-10-08 07:49:39  INFO       upload_to_archive.py |  uploading 06_ Playin In The Band.mp3:  89%|████████▉ | 16/18 [00:14<00:02,  1.32s/MiB]
2026-10-08 07:49:40  INFO       upload_to_archive.py |  uploading 06_ Playin In The Band.mp3:  94%|█████████▍| 17/18 [00:15<00:01,  1.21s/MiB]
2026-10-08 07:49:40  INFO       upload_to_archive.py |  uploading 06_ Playin In The Band.mp3: 100%|██████████| 18/18 [00:16<00:00,  1.13s/MiB]
2026-10-08 07:49:40  INFO       upload_to_archive.py |  uploading 06_ Playin In The Band.mp3: 100%|██████████| 18/18 [00:16<00:00,  1.11MiB/s]
2026-10-08 07:50:41  INFO       upload_to_archive.py | Done. band_archive.csv updated with IA URLs.
2026-10-08 07:50:41  INFO     [3/7] Analyzing data...
2026-10-08 07:50:42  INFO       analyze.py | song_stats.csv created!
2026-10-08 07:50:42  INFO     [4/7] Building metadata...
2026-10-08 07:50:43  INFO       build_metadata.py | song_metadata.csv updated!
2026-10-08 07:50:43  INFO     [5/7] Checking for songs with no artist on file...
2026-10-08 07:50:43  INFO     No missing artists.
2026-10-08 07:50:43  INFO     [6/7] Adding share links...
2026-10-08 07:50:47  INFO       generate_share_links.py | Found 1 folders to generate share links for.
2026-10-08 07:50:47  INFO       generate_share_links.py |   Processing: LoveDeep/Audio Recordings/Jam Session Recordings 2021-/2026/2026-10-07 _ Jam Session
2026-10-08 07:50:47  INFO       generate_share_links.py |     [DEBUG] 404: {"error":{"code":"itemNotFound","message":"The resource could not be found.","innerError":{"date":"2026-10-08T11:50:47","request-id":"85a10fd8-f159-424b-8333-ed568443b8a9","client-request-id":"85a10fd8-f159-424b-8333-ed568443b8a9"}}}
2026-10-08 07:50:47  INFO       generate_share_links.py |     ✗ Folder not found in OneDrive
2026-10-08 07:50:47  INFO       generate_share_links.py | 
2026-10-08 07:50:47  INFO       generate_share_links.py | Done. 0 share links written to band_archive.csv.
2026-10-08 07:50:47  INFO     [7/7] Checking for changes...
2026-10-08 07:50:48  INFO     Changes detected. Committing...
2026-10-08 07:50:49  INFO     Pushing to GitHub...
2026-10-08 07:50:52  INFO     Done! Streamlit Cloud will redeploy automatically in a minute or two.
2026-10-08 07:50:52  INFO     Pipeline finished successfully.
